,type1_simple_output_multiplier,type2_simple_output_multiplier
1111A0,2.132324246,2.8070473
1111B0,2.556457228,3.822807028
111200,2.163468597,3.608307763
111300,1.758326295,3.081868433
111400,1.994243495,3.817676998
111900,2.355737114,4.06156772
112120,2.915619542,4.182395294
1121A0,2.894813793,3.639977499
112300,3.644673038,5.056392903
112A00,1.69913982,2.390778337
113000,1.735441286,4.386352231
114000,1.475399929,2.221716227
115000,1.407793859,3.94236998
211000,1.728460301,2.830246726
212100,2.022224018,3.487014973
212230,2.032999913,3.314353725
2122A0,2.266689471,3.938140556
212310,1.922175029,3.489730284
2123A0,1.994332149,3.752292018
213111,1.940420069,3.738583532
21311A,1.99223901,4.000426359
221100,1.628636461,2.795556466
221200,1.661958382,3.287432562
221300,1.54177735,3.066660728
230301,2.115907394,4.127059029
230302,2.021672017,4.124177433
233210,1.778471491,4.086914595
233230,1.944422222,4.11093187
233240,1.66509409,3.604499563
233262,1.965096465,4.135906429
2332A0,2.106950233,4.287271269
2332C0,2.02680405,4.079543856
2332D0,1.940057806,4.116226316
233411,2.029041475,4.255195659
233412,2.000595673,4.107510029
2334A0,2.255732434,4.095428271
311111,2.997733381,4.333755109
311119,3.207730076,4.56336105
311210,2.982933701,4.398426939
311221,2.846313768,4.383040585
311224,3.011354126,3.756404169
311225,3.438194466,4.360226961
311230,2.931976459,4.241354727
311300,2.811544805,4.52092879
311410,2.876360429,4.551036057
311420,2.858237695,4.703528689
311513,3.499303149,4.940007659
311514,2.922764361,4.351015941
31151A,3.247521562,4.798212471
311520,3.015120754,4.873533614
311615,3.478673832,5.126840954
31161A,3.209530934,4.374704176
311700,2.387773131,3.79790362
311810,2.58523517,4.643277781
3118A0,2.770015874,4.530294018
311910,2.591182517,3.931637333
311920,2.652525174,4.257869005
311930,2.085783995,3.710751912
311940,2.720621256,4.388784489
311990,2.764324394,4.457036521
312110,2.626486529,4.527425596
312120,2.452807513,4.008989024
312130,2.18092712,3.799485883
312140,2.458888694,3.687876253
312200,1.736498999,2.479744176
313100,2.868145076,4.9326319
313200,2.613701265,4.658922673
313300,2.657520037,4.949578722
314110,2.614086339,4.493478542
314120,2.554114087,4.801860156
314900,2.288193595,4.569944542
315000,1.719527778,4.513991118
316000,2.175980635,4.265266373
321100,2.471234295,4.711210549
321200,2.459456868,4.467139531
321910,2.469293609,4.638591191
3219A0,2.560815807,4.795358175
322110,2.516378396,4.166783166
322120,2.505318834,4.381358951
322130,2.434730024,4.097197249
322210,2.735219885,4.660154679
322220,2.646445781,4.586866092
322230,2.786329871,4.909432757
322291,2.636828918,4.656811788
322299,2.435634218,4.473405288
323110,2.157110917,4.255832435
323120,1.841033745,4.434473189
324110,2.441225729,3.472438883
324121,2.702940008,4.253850368
324122,2.374737202,3.808551875
324190,2.53002089,3.814616957
325110,2.308831712,3.272439324
325120,2.256531205,4.175711677
325130,2.348966039,4.106542714
325180,2.122120953,3.601132275
325190,2.716532909,3.908976725
325211,2.822026921,4.093940757
3252A0,2.555678755,4.389712344
325310,2.138465922,3.490828809
325320,2.494512504,3.721934149
325411,1.928135441,3.564456514
325412,1.696992803,2.865252598
325413,1.873732027,3.177740994
325414,1.731076847,2.701887782
325510,2.493477551,3.966504593
325520,2.409490564,3.908567823
325610,2.118049503,3.453725036
325620,2.089198382,3.300485594
325910,2.562404702,4.395379955
3259A0,2.471522421,4.105224377
326110,2.79828276,4.480935631
326120,2.642205949,4.266575005
326130,2.414529908,4.485722721
326140,2.791677554,4.672937564
326150,2.638915286,4.517983873
326160,2.788694846,4.51284074
326190,2.63623658,4.443322417
326210,2.472866067,4.57550384
326220,2.453038777,4.715842589
326290,2.536407191,4.535967245
327100,1.995653579,4.157150627
327200,2.155257442,3.950003303
327310,1.867230288,3.224287111
327320,2.248283781,4.106515524
327330,1.991189625,3.931416399
327390,2.103310516,4.110488627
327400,2.08858913,3.477880872
327910,1.719253297,2.891902524
327991,2.109522892,4.332125056
327992,2.113856394,3.477954648
327993,2.037596003,3.72274157
327999,2.04393305,3.534361259
331110,2.707837827,4.583703344
331200,2.745768382,4.812232598
331313,2.772472642,4.723771163
331314,3.017966612,5.090655642
33131B,3.045980451,5.053213875
331410,2.703771811,4.103187066
331420,3.304119069,5.11814564
331490,2.627080315,4.29412039
331510,2.279426074,4.436707447
331520,2.370934266,4.621578349
332114,2.812198075,4.557969192
332119,2.441555193,4.698337524
33211A,2.545270952,4.69828011
332200,2.218977764,4.350243625
332310,2.573822636,4.762503678
332320,2.414963205,4.648268953
332410,2.38960942,4.491076967
332420,2.361147534,4.579999606
332430,2.8139155,4.888146247
332500,2.520119813,4.65933704
332600,2.403362233,4.701854295
332710,2.079050585,4.663399721
332720,2.375251734,4.287081048
332800,2.108866159,4.251487568
332913,2.598725306,4.486095441
33291A,2.214740704,4.349317851
332991,2.065202412,4.380657228
332996,2.243535079,4.602403576
332999,2.452875022,4.764497707
33299A,2.184148819,4.307714481
333111,2.475877737,4.54018995
333112,2.626998271,4.872338995
333120,2.525369664,4.51065082
333130,2.4741864,4.881511905
333242,1.837546979,4.420919815
33329A,2.335938293,4.59993675
333314,2.089500769,4.877989133
333316,2.041042392,4.68112384
333318,2.295666965,4.499109499
333413,2.401427373,4.813908807
333414,2.297963028,4.252277848
333415,2.449558899,4.379631575
333511,2.161787584,4.792171888
333514,2.004791027,4.826746162
333517,2.190159214,4.843684534
33351B,2.21453191,4.672815878
333611,2.2947601,4.279338612
333612,2.26681306,4.494608817
333613,2.224730578,4.098897023
333618,2.82140979,5.072664074
333912,2.551503856,4.724396576
333914,2.374376632,4.173118554
333920,2.441168069,4.506079436
333991,2.298266723,4.300352537
333993,2.271475412,4.531833779
333994,2.328248762,4.772077469
33399A,2.334640613,4.3167084
33399B,2.367954431,4.655122529
334111,1.559623364,3.645229408
334112,1.516795516,3.702069299
334118,1.609222103,3.666848
334210,1.583938309,3.640057511
334220,1.530041196,3.660952091
334290,1.596826256,3.709922061
334300,1.674167934,3.756476904
334413,1.438963543,3.393287569
334418,1.547808301,3.69793966
33441A,1.602164022,4.213439676
334510,1.73157931,3.62402495
334511,1.471364757,3.580515109
334512,1.493032689,3.698663358
334513,1.447938013,4.481426896
334514,1.813466247,3.785910466
334515,1.574480094,3.686438754
334516,1.578626803,3.709758005
334517,1.696884419,3.812816097
33451A,1.633057066,3.714543932
334610,1.478268234,3.706811829
335110,1.795389746,4.702648696
335120,2.183514497,4.307675694
335210,2.060405644,3.998614649
335220,2.218032706,4.134787271
335311,2.144020792,4.665947176
335312,2.541977387,4.983916124
335313,2.266187272,4.365145677
335314,2.097888892,4.928653471
335911,2.614701084,4.59496085
335912,1.61452622,3.702412845
335920,2.790036889,4.730088079
335930,2.011873763,3.900661033
335991,2.011952105,3.433995672
335999,2.138199837,4.282159586
336111,2.832407388,4.816177075
336112,2.966871901,4.697745146
336120,3.078730731,5.044650192
336211,2.807393366,5.160068865
336212,2.941207703,5.123403783
336213,2.443616879,4.56371596
336214,2.680015582,4.534307294
336310,2.931047891,5.042009388
336320,2.639815546,4.834270087
336350,2.713901359,4.767126003
336360,2.864416168,4.859020193
336370,2.77247585,4.771389733
336390,2.765381427,4.752926357
3363A0,2.838835369,4.983573217
336411,2.01893441,3.714209603
336412,2.225556586,4.124209306
336413,2.1230311,4.098824983
336414,1.98523258,4.869946824
33641A,2.675734544,5.057387186
336500,2.834514792,4.764060403
336611,2.072834556,4.612421128
336612,2.763840642,4.950532597
336991,2.143452334,4.229524996
336992,2.399497272,4.407055826
336999,2.797285829,4.79419525
337110,2.274397199,4.815492071
337121,2.575364314,4.810330743
337122,2.391964015,4.986081126
337127,2.399865061,4.700136251
33712N,2.668253808,4.743572787
337215,2.396367336,4.871186725
33721A,2.43497814,4.559638602
337900,2.662321125,4.746234672
339112,1.771717267,3.724327552
339113,1.866294291,3.829852595
339114,2.021586291,4.002119128
339115,1.8720711,3.822794104
339116,1.919669383,4.473458334
339910,2.386915779,4.402350344
339920,2.151632046,4.398368501
339930,1.8257156,4.549235151
339940,2.525323635,4.806482143
339950,2.274140343,4.697039485
339990,2.136593626,4.322239416
423100,2.005742533,3.789265642
423400,1.748932209,4.071514877
423600,1.924232966,3.712387355
423800,1.805836231,3.993136288
423A00,1.918678026,3.924954604
424200,1.864144629,3.64952724
424400,1.87918199,3.943848611
424700,1.769779715,3.602313336
424A00,1.890914639,3.868808974
425000,1.744959228,4.174366281
441000,1.752800506,3.850317682
444000,1.616205608,3.746746506
445000,1.762497314,3.956690122
446000,1.719579007,4.08247653
447000,1.966804972,3.806412499
448000,2.091537411,4.287692689
452000,1.791470184,4.270441233
454000,1.753615036,3.104443112
481000,1.873420056,3.570200115
482000,1.885841,3.614675742
483000,2.437036322,4.282903468
484000,2.04314857,3.915905459
485000,1.874668459,3.747359148
486000,1.287495878,2.134584811
48A000,1.943561233,4.111485893
491000,1.416799361,4.538837694
492000,1.831983427,3.996411102
493000,2.020558939,4.527038663
4B0000,1.762103622,4.221870165
511110,1.542180496,3.535128584
511120,1.690270197,3.765553165
511130,1.950703721,3.620978432
5111A0,1.785361023,3.526220981
511200,1.630409696,3.257955836
512100,1.635351268,3.161692676
512200,1.409194693,2.136361561
515100,2.014621604,3.561957972
515200,1.785370074,2.892693729
517110,1.812544729,3.302952533
517210,1.86173428,2.894806536
517A00,1.952693287,3.671078138
518200,1.811942307,3.568154273
519130,1.692624897,3.495894953
5191A0,1.107797053,3.8029119
522A00,1.833813654,3.627123697
523900,1.857603285,4.409341509
523A00,1.54324928,3.912207578
524113,1.752998092,4.014654236
5241XX,1.878857324,3.574949778
524200,1.825430202,3.968954649
525000,2.742325678,4.994932511
52A000,1.587087574,3.124516937
531HSO,1.257739013,1.517424801
531HST,1.092111861,1.352840045
531ORE,2.145967197,3.467575564
532100,1.934817197,3.47411484
532400,1.833455984,3.285307713
532A00,1.774582044,3.822739902
533000,1.629499486,2.39333483
541100,1.479724762,3.355196164
541200,1.486258984,3.87341879
541300,1.685642876,4.048050811
541400,1.624991674,3.428344368
541511,1.424153128,4.291115561
541512,1.63611961,4.211019039
54151A,1.630057159,4.186124333
541610,1.564951796,3.968656336
5416A0,1.726177081,4.429891139
541700,1.979788267,4.37123488
541800,1.573784627,3.407040265
541920,1.816133059,3.202093482
541940,1.714612165,3.796313851
5419A0,1.67906063,3.497475469
550000,1.619229263,4.290513065
561100,1.659141893,4.528689767
561200,2.03645591,4.13122319
561300,1.622943825,4.021503358
561400,1.867019338,4.312734072
561500,1.996509902,4.183158472
561600,1.651721591,4.368958061
561700,2.011098996,4.309766127
561900,1.880409206,4.302900745
562000,2.116714527,4.155869317
611100,1.496097866,4.471877118
611A00,1.572670493,3.904647052
611B00,1.855656272,4.507653588
621100,1.688542243,4.47595547
621200,1.452316353,3.529003981
621300,1.487599758,3.387128079
621400,1.690121394,4.048258403
621500,1.514815731,3.325668723
621600,1.530104871,4.134353786
621900,1.913005955,4.554166188
622000,1.805479296,4.309928754
623A00,1.826540772,4.4818435
623B00,1.709448352,4.493181022
624100,1.747006651,4.505362161
624400,2.017419286,4.51737239
624A00,2.302681126,4.716076434
711100,1.772433866,3.488514232
711200,1.482151377,3.91580098
711500,1.521146068,2.835613197
711A00,1.919706706,3.566959392
712000,1.818363407,3.755167158
713100,1.798093277,3.781743204
713200,1.812094808,3.564875274
713900,1.993758862,4.307457611
721000,1.786071814,3.760202564
722110,1.939111473,4.286344407
722211,2.239817273,4.276718674
722A00,1.761233075,4.368884669
811100,1.897590729,3.888319457
811200,1.644691073,3.907048616
811300,1.891665846,4.037951502
811400,2.005744066,3.902564077
812100,1.881766945,4.012888127
812200,1.411095021,2.994771795
812300,1.713388893,4.073335738
812900,1.920732157,3.745988836
813100,1.621133867,4.174778469
813A00,1.647216495,4.12383143
813B00,1.725655019,4.44060749
814000,1,4.577898064
GSLGE,1.446549024,4.38248873
GSLGH,2.039173607,4.53065248
GSLGO,1.761717951,4.270036228
S00101,2.125030647,3.461058736
S00102,2.071569025,3.800393224
S00201,4.74460495,12.65285677
S00202,1.989846372,3.277829578
S00203,2.02633298,3.883451089
S00500,1.653439697,3.717302093
S00600,1.504964693,3.638852757
