"The Use of Commodities by Industries, Before Redefinitions (Producers' Prices) - Summary"
"The Use of Commodities by Industries, Before Redefinitions (Producers' Prices) - Summary"

,Commodities/Industries,111CA,113FF,211,212,213,22,23,321,327,331,332,333,334,335,3361MV,3364OT,337,339,311FT,313TT,315AL,322,323,324,325,326,42,441,445,452,4A0,481,482,483,484,485,486,487OS,493,511,512,513,514,521CI,523,524,525,HS,ORE,532RL,5411,5415,5412OP,55,561,562,61,621,622,623,624,711AS,713,721,722,81,GFGD,GFGN,GFE,GSLG,GSLE,,F010,F02S,F02E,F02N,F02R,F030,F040,F050,F06C,F06S,F06E,F06N,F07C,F07S,F07E,F07N,F10C,F10S,F10E,F10N,,
,Name,Farms,"Forestry, fishing, and related activities",Oil and gas extraction,"Mining, except oil and gas",Support activities for mining,Utilities,Construction,Wood products,Nonmetallic mineral products,Primary metals,Fabricated metal products,Machinery,Computer and electronic products,"Electrical equipment, appliances, and components","Motor vehicles, bodies and trailers, and parts",Other transportation equipment,Furniture and related products,Miscellaneous manufacturing,Food and beverage and tobacco products,Textile mills and textile product mills,Apparel and leather and allied products,Paper products,Printing and related support activities,Petroleum and coal products,Chemical products,Plastics and rubber products,Wholesale trade,Motor vehicle and parts dealers,Food and beverage stores,General merchandise stores,Other retail,Air transportation,Rail transportation,Water transportation,Truck transportation,Transit and ground passenger transportation,Pipeline transportation,Other transportation and support activities,Warehousing and storage,"Publishing industries, except internet (includes software)",Motion picture and sound recording industries,Broadcasting and telecommunications,"Data processing, internet publishing, and other information services","Federal Reserve banks, credit intermediation, and related activities","Securities, commodity contracts, and investments",Insurance carriers and related activities,"Funds, trusts, and other financial vehicles",Housing,Other real estate,Rental and leasing services and lessors of intangible assets,Legal services,Computer systems design and related services,"Miscellaneous professional, scientific, and technical services",Management of companies and enterprises,Administrative and support services,Waste management and remediation services,Educational services,Ambulatory health care services,Hospitals,Nursing and residential care facilities,Social assistance,"Performing arts, spectator sports, museums, and related activities","Amusements, gambling, and recreation industries",Accommodation,Food services and drinking places,"Other services, except government",Federal general government (defense),Federal general government (nondefense),Federal government enterprises,State and local general government,State and local government enterprises,Total Intermediate,Personal consumption expenditures,Nonresidential private fixed investment in structures,Nonresidential private fixed investment in equipment,Nonresidential private fixed investment in intellectual property products,Residential private fixed investment,Change in private inventories,Exports of goods and services,Imports of goods and services,Federal national defense: Consumption expenditures,Federal national defense: Gross investment in structures,Federal national defense: Gross investment in equipment,Federal national defense: Gross investment in intellectual property products,Federal national nondefense: Consumption expenditures,Federal national nondefense: Gross investment in structures,Federal national nondefense: Gross investment in equipment,Federal national nondefense: Gross investment in intellectual property products,State and local: Consumption expenditures,State and local: Gross investment in structures,State and local: Gross investment in equipment,State and local: Gross investment in intellectual property products,Total Final Uses (GDP),Total Commodity Output
111CA,Farms,118977,146,---,29,13,---,2434,---,---,---,---,---,---,---,---,---,---,141,281905,1564,---,---,---,---,15196,---,998,372,980,213,192,---,---,---,---,---,---,27,---,---,---,---,---,0,---,---,---,0,1,---,0,0,2049,49,1143,---,195,---,---,---,---,---,376,67,5946,9,11,-156,---,3957,---,436839,119040,---,---,---,---,-3521,51923,-57493,---,---,---,---,---,---,---,---,---,---,---,---,109948,546787
113FF,"Forestry, fishing, and related activities",27934,7850,---,109,---,---,---,16746,0,---,---,---,---,---,---,---,75,231,6737,---,87,3597,25,---,276,1589,---,---,524,---,0,---,---,---,---,---,---,1,---,---,---,---,---,---,---,---,---,---,---,---,---,---,437,30,3,---,50,---,---,---,---,---,324,351,6227,89,---,49,14,6409,---,79764,9008,---,---,---,---,1962,5536,-19276,---,---,---,---,---,---,---,---,---,---,---,---,-2770,76994
211,Oil and gas extraction,---,---,21602,10,77,17080,---,24,5,9,6,---,---,---,2,---,---,---,19,---,---,10,3,384735,7625,19,68,47,10,14,121,---,---,---,---,---,37,---,458,353,26,35,189,---,---,---,---,---,191,---,---,4,72,20,15,59,1198,39,8,16,35,16,216,29,17,149,---,0,731,---,11532,446929,---,---,---,---,---,3325,130556,-175862,---,---,---,---,---,---,---,---,---,---,---,---,-41981,404948
212,"Mining, except oil and gas",1269,0,83,8183,108,6208,21691,7,10947,16620,466,91,5,83,74,96,10,102,1092,26,---,1003,---,2550,5210,96,24,---,---,---,3,---,94,0,7,0,---,1,1,13,14,215,1418,---,---,---,---,7,---,---,---,---,1683,31,1043,56,539,---,19,33,249,392,785,137,904,1349,---,3262,---,2154,5669,96118,158,---,131,---,---,1272,21982,-6445,---,---,---,---,---,---,---,---,---,---,---,---,17099,113217
213,Support activities for mining,---,---,21084,2085,1583,---,---,---,---,---,---,---,---,---,---,---,---,---,---,---,---,---,---,---,---,---,---,---,---,---,---,---,---,---,---,---,---,---,---,---,---,---,---,---,---,---,---,---,---,---,---,---,59,5,---,---,---,---,---,---,---,---,---,---,---,---,---,---,---,---,---,24816,---,103546,3063,---,---,18,1912,-1522,---,---,---,---,---,---,---,---,---,---,---,---,107017,131833
22,Utilities,10527,68,11093,3719,312,35503,14401,2125,4374,6671,4610,2416,1510,907,3307,5679,680,877,11811,799,107,5831,1230,5862,14484,5189,18886,7135,10950,9567,22658,1084,81,186,6235,664,2001,1475,2693,975,478,7836,7628,4615,1911,789,2774,372,41357,2390,654,1293,6847,5962,4147,2414,6947,5109,9435,4084,2187,1488,4279,6496,27010,10024,5015,1353,3982,39334,5160,462054,355771,---,---,---,---,---,5039,-3474,---,---,---,---,---,---,---,---,---,---,---,---,357336,819391
23,Construction,2066,31,276,3178,1288,5669,525,532,1205,1684,1582,989,579,236,1005,866,175,401,3239,126,21,1232,371,7887,2476,1060,5837,2527,1376,2842,6011,334,2949,50,857,631,1333,1425,1012,152,104,3204,1944,7749,2557,1305,126,66434,58335,1842,182,126,3145,1092,1240,252,2194,1028,2070,913,1189,394,1004,3431,4660,5848,13311,1170,923,51680,76352,381840,---,736195,---,---,902828,---,123,---,---,14716,---,---,---,19263,---,---,---,413374,---,---,2086499,2468340
321,Wood products,613,68,---,383,182,7,69500,34037,231,539,227,861,396,942,3681,254,7278,1432,375,57,1,4742,1,---,266,2152,9019,261,777,212,1641,---,3569,---,256,---,3,62,121,37,89,875,1736,261,7,---,---,40,8319,1009,11,30,1007,6,1156,33,55,598,670,4,1024,12,316,1163,1336,496,16,84,2,4094,374,169009,4301,91,---,---,10578,-141,4957,-24518,---,---,---,---,---,---,16,---,---,---,---,---,-4717,164292
327,Nonmetallic mineral products,28,88,2052,467,495,38,92627,820,16723,2691,1215,1391,263,1644,7213,323,244,704,2424,28,---,367,1,1177,1279,1865,94,297,39,332,749,---,14,---,132,0,0,8,56,1,1,2281,788,16,26,46,---,135,49,1068,0,181,5100,30,827,291,71,2149,2708,113,716,12,154,89,2612,1703,47,620,---,2133,3520,165375,15758,---,---,---,---,-362,8456,-32651,---,---,---,---,---,---,---,---,---,---,---,---,-8799,156575
331,Primary metals,94,---,11604,630,201,4,8244,352,2121,93498,90923,47439,4971,20681,58758,9767,4095,6650,2103,116,---,1195,27,10,40,2200,1001,9,---,0,626,---,806,---,---,---,---,123,---,9,8,402,1191,---,---,---,---,1,3392,177,---,0,2067,49,797,327,311,190,42,17,473,44,500,37,218,1062,300,1199,---,126,992,382223,1268,---,---,---,---,165,34167,-101074,---,---,---,---,---,---,---,---,---,---,---,---,-65474,316749
332,Fabricated metal products,1590,167,12055,1031,481,937,124632,3518,2442,6284,39465,24620,6313,11582,27333,14540,4560,4641,18264,584,81,5483,1048,1204,8514,8418,3663,553,243,187,1946,308,354,1185,2263,706,1602,297,1041,783,42,10458,3002,446,239,---,29,31,1061,2911,24,2971,7277,622,2800,3647,771,386,2195,31,3253,72,735,1787,4130,5165,6911,1595,260,4181,7222,419169,31617,---,13712,---,---,384,36050,-89621,---,---,176,---,---,---,152,---,---,---,109,---,-7422,411747
333,Machinery,2263,25,15515,4218,2616,622,46484,497,159,1248,4732,37275,333,2353,35122,4132,158,974,5816,41,2,1190,1490,52,5813,2739,3082,323,171,153,885,12,58,32,554,86,40,3065,1984,58,31,1099,1447,9,52,552,---,55,232,1482,20,2240,3257,439,5020,4876,2295,1262,1049,188,323,31,346,81,1108,6850,1379,519,36,5245,3292,231191,17842,---,294216,---,---,1866,109790,-233266,---,---,2003,---,---,---,101,---,---,---,10298,---,202850,434041
334,Computer and electronic products,23,0,90,18,79,95,8004,1336,753,2095,5903,7449,38629,4317,22549,28706,973,2251,3193,436,37,1019,1423,318,5230,2603,51409,1423,390,482,2132,6,45,0,241,2,4,47,135,3177,714,21938,10307,1027,1325,34,1315,1,329,266,1269,6935,11550,10657,5484,813,1576,9291,1178,167,597,26,199,350,207,3919,14169,6815,0,2124,1846,313446,115581,---,199699,---,98,-4756,96340,-398909,---,---,14732,---,---,---,1857,---,---,---,4150,---,28793,342239
335,"Electrical equipment, appliances, and components",5503,39,219,42,487,19,50500,417,134,1979,3410,17311,2364,13401,8306,1877,110,872,1628,60,3,541,108,134,1332,1005,2428,535,117,627,418,2,260,35,183,220,2,53,182,8,---,4587,317,151,82,74,---,6,825,540,0,3425,6261,83,1984,951,294,13,983,595,713,35,502,668,804,4860,3755,6095,87,1319,4285,161164,72835,---,52676,---,8953,-839,35004,-168788,---,---,726,---,---,---,106,---,---,---,700,---,1373,162537
3361MV,"Motor vehicles, bodies and trailers, and parts",961,65,1520,648,224,28,2451,1897,505,886,1200,10885,772,734,215733,3038,398,665,4058,60,1,1090,141,149,1164,613,9540,5600,1817,407,5870,---,55,---,6860,943,0,108,1533,143,104,1258,685,164,25,---,---,---,---,3413,---,112,3581,654,15905,1793,864,822,2551,166,3102,70,200,210,1925,11889,8864,270,3607,9280,1754,356027,274675,---,326109,---,---,20550,113251,-418772,---,---,13782,---,---,---,13648,---,---,---,49312,---,392555,748581
3364OT,Other transportation equipment,---,22,---,4,---,---,16,19,---,---,77,276,---,---,1186,90469,---,---,---,---,---,---,---,---,---,---,0,2,---,---,---,2206,1149,1020,56,222,---,2249,---,---,---,7,---,---,---,---,---,---,---,---,---,---,2549,89,91,109,---,---,---,---,0,---,247,---,---,12,68294,1003,3,0,148,171526,37109,---,72699,---,---,6852,106078,-57136,---,---,52455,---,---,---,2206,---,---,---,144,---,220407,391933
337,Furniture and related products,0,---,---,---,---,---,21133,247,0,---,---,202,106,1,21,13,3060,210,---,---,---,0,---,---,---,278,737,168,---,12,1468,---,---,0,---,---,---,0,---,1,---,100,378,---,---,---,---,2299,51,---,7,3,468,5,3,---,---,187,131,1,294,349,303,3,336,320,---,---,64,14,1688,34661,59678,---,30888,---,829,-1941,3847,-49357,---,---,0,---,---,---,2,---,---,---,590,---,44534,79195
339,Miscellaneous manufacturing,148,1,57,21,8,---,2202,20,64,29,57,1927,1,495,2161,19,6,4947,44,51,137,0,3,1,266,183,1056,325,118,6,817,0,1,---,8,21,0,83,102,3,2,89,85,62,40,14,---,0,220,73,7,14,2134,7,2157,361,339,19576,25709,455,1486,135,202,32,728,2245,1588,492,---,5456,82,79178,129341,---,52954,---,---,-1485,36260,-124903,---,---,44,---,---,---,9,---,---,---,739,---,92959,172137
311FT,Food and beverage and tobacco products,36049,106,---,---,---,---,---,24,568,6,---,---,---,---,---,---,---,34,187356,16,321,268,584,601,7030,188,3187,0,2724,956,1717,250,0,270,23,0,---,8,---,24,3,---,300,---,---,---,---,---,---,---,---,---,4685,89,1,---,4503,6,6532,4058,19141,1062,5586,6149,80195,1201,3520,116,647,98652,---,478758,783720,---,---,---,---,-929,75915,-145770,---,---,---,---,---,---,---,---,---,---,---,---,712936,1191694
313TT,Textile mills and textile product mills,11,6,---,1,---,---,1866,489,239,---,1,697,0,0,2132,668,2724,1445,56,8476,1746,3243,268,19,2,2389,1842,39,73,3002,1316,---,---,21,20,---,0,17,2,1,218,5,5,---,---,---,---,0,50,260,---,---,412,15,145,161,24,79,340,1618,1316,0,120,1206,403,546,451,388,4,1926,25,42529,33263,---,96,---,253,-1090,7673,-35552,---,---,---,---,---,---,4,---,---,---,1,---,4648,47177
315AL,Apparel and leather and allied products,20,---,---,---,---,0,---,---,0,---,---,---,---,---,1355,---,---,108,11,0,978,---,0,0,---,0,252,21,0,164,163,---,---,---,---,---,---,---,---,0,0,2,0,---,---,---,---,---,---,0,---,---,11,0,67,65,1,0,4,---,0,12,22,5,0,1052,70,20,114,1171,31,5720,165677,---,---,---,---,-2334,4053,-146055,---,---,---,---,---,---,---,---,---,---,---,---,21341,27061
322,Paper products,388,0,143,131,29,22,3997,1236,2014,1953,2038,1717,496,1239,6138,642,1342,1953,26713,406,29,44264,7996,256,5410,4777,8087,248,1298,478,1963,37,46,2,268,1731,23,1161,221,1145,71,393,383,845,605,1957,3,1,780,1380,359,659,3307,599,5947,406,380,1276,1679,772,1441,100,276,3245,6127,1273,286,2846,202,14868,72,184573,24185,---,---,---,---,-747,21114,-28123,---,---,---,---,---,---,---,---,---,---,---,---,16430,201003
323,Printing and related support activities,10,---,10,1,---,8,43,2,---,---,9,3,---,1,4,---,---,---,58,---,0,---,1238,1,81,---,9333,241,142,153,7379,5,7,---,237,138,2,232,12,2963,524,403,5666,857,1327,4383,---,---,105,594,525,368,5118,894,2898,15,909,1604,3549,118,1830,692,320,708,1269,1292,892,1787,54,9426,444,70882,3801,---,---,---,---,-420,2508,-3050,---,---,---,---,---,---,---,---,---,---,---,---,2839,73721
324,Petroleum and coal products,6507,265,7969,2409,1095,17411,51929,796,617,2407,1326,902,155,742,407,175,242,995,3033,52,8,1306,578,18121,8640,773,4537,1114,393,248,1872,40210,3928,5293,19547,3717,199,12917,2926,262,72,575,620,3744,3581,106,848,35,4833,2289,41,1257,2316,704,6616,2148,1884,999,1340,784,1245,236,1120,865,4776,2680,14509,1396,1878,108058,27248,424828,265764,---,---,---,---,7401,148497,-80716,---,---,---,---,---,---,---,---,---,---,---,---,340946,765774
325,Chemical products,26683,1226,10714,1806,1038,1339,20687,6453,4372,2021,7308,2498,2082,2612,14531,1838,1860,6657,9119,10064,172,7884,4166,39937,233255,80193,3150,163,70,39,1593,1,143,3,333,36,1,36,308,461,284,634,1585,47,93,113,---,578,12267,215,77,297,55483,2543,12144,2088,828,58578,23511,5091,906,528,1299,90,1847,4931,3882,4386,107,49622,4959,755866,337722,---,2850,---,---,6262,194606,-350741,---,---,---,---,---,---,---,---,---,---,---,---,190699,946566
326,Plastics and rubber products,1887,63,137,962,365,19,38218,1238,1174,803,2343,9023,2394,2163,24660,3201,2749,3989,21623,386,131,2650,3151,421,9785,22156,25795,1475,1791,575,5586,280,4,0,1112,215,46,1719,300,251,107,5913,1190,52,148,2328,0,15,588,3364,25,1856,8950,120,3233,553,1045,10230,6082,1914,2522,62,422,200,9647,3386,3154,1596,42,15525,4756,283867,51814,---,361,---,22,499,28463,-73802,---,---,---,---,---,---,14,---,---,---,---,---,7371,291238
42,Wholesale trade,50873,2038,15753,4182,2221,7443,135405,14885,8020,32205,24220,34659,14823,13397,92917,21152,6405,9684,106130,3198,1217,14615,4197,28897,68962,24891,75754,6358,3298,3088,25359,5209,2583,2007,10346,2064,436,5343,2555,13899,326,21212,6761,2196,2214,1943,803,636,6454,20777,888,5702,35803,8793,17251,4468,3683,38366,23413,4379,7863,846,3805,4237,33258,16296,19904,7952,1948,62998,17446,1283311,787222,16,274623,35615,5890,14,273605,81633,---,---,13044,1443,---,---,6212,1702,---,---,18493,3793,1503305,2786616
441,Motor vehicle and parts dealers,11,2,376,193,85,17,3478,416,202,140,415,2319,140,2,4105,719,118,283,1506,24,1,377,55,1,503,189,151,1877,749,167,2401,0,9,0,1825,16,0,10,62,54,41,84,17,67,11,13,---,108,318,1304,0,43,673,---,4071,89,0,---,0,0,0,7,47,52,246,4478,0,0,0,0,5,34670,391826,---,42991,---,8,---,---,---,---,---,---,---,---,---,---,---,---,---,---,---,434825,469495
445,Food and beverage stores,49,0,1,0,---,67,242,0,2,0,1,7,2,1,4,0,2,5,7,0,0,1,17,3,42,1,10,11,24,10,52,0,4,1,311,61,0,39,0,1,0,0,3,5,3,2,---,77,38,4,0,1,6,---,77,0,6,3,6,1,1,8,19,44,1771,17,0,1,0,22,---,3092,322737,---,417,2,10,---,---,---,---,---,---,---,---,---,---,---,---,---,---,---,323167,326259
452,General merchandise stores,128,1,17,7,3,159,1912,18,12,5,19,114,14,7,164,24,17,37,89,3,0,16,58,3,74,12,37,106,48,13,159,0,11,3,865,158,0,101,2,5,2,3,9,18,10,6,---,406,246,86,1,4,45,---,417,4,38,11,10,2,4,4,8,87,403,242,0,6,0,28,0,6525,289761,---,2899,881,274,---,---,---,---,---,---,---,---,---,---,---,---,---,---,---,293815,300340
4A0,Other retail,1573,20,101,104,12,2324,103958,513,29,28,120,773,144,94,835,99,178,398,699,61,2,90,1102,204,2565,108,714,1720,358,781,1954,3,130,573,11133,1959,5,1589,10,78,16,18,160,323,190,104,---,5179,2354,315,21,63,463,---,1970,27,134,410,202,108,75,370,355,1724,8734,1936,2,61,2,499,1,162954,1311475,---,46106,23086,10033,---,---,---,---,---,---,---,---,---,---,---,---,---,---,---,1390700,1553654
481,Air transportation,208,14,82,36,97,525,1305,202,605,353,362,332,88,83,654,233,92,147,819,36,7,195,134,112,552,473,7091,223,61,67,512,267,18,195,3091,75,10,1589,337,423,201,481,1817,5073,2549,121,363,12,10243,1881,578,3305,4021,325,3706,425,678,2822,458,273,744,122,305,178,2310,581,6905,5096,411,3660,129,81481,238697,---,1427,196,12,8,47546,-63639,---,---,93,8,---,---,19,9,---,---,74,21,224471,305952
482,Rail transportation,2848,33,761,640,110,2598,3439,1032,2189,3746,1114,613,71,315,1458,315,267,266,7104,74,3,2370,126,2162,4941,2122,325,41,122,41,128,206,244,28,4955,34,7,298,34,27,7,234,73,55,52,98,5,107,298,126,30,47,801,25,736,62,76,494,258,68,237,18,83,129,1347,175,303,1501,958,2939,2412,60960,10206,---,2813,---,40,381,13506,636,---,---,418,---,---,---,407,---,---,---,1081,---,29489,90449
483,Water transportation,1143,6,546,142,39,230,1453,12,393,570,158,76,17,75,102,26,16,61,1905,24,0,92,2,162,846,131,30,21,29,9,39,36,9,5,26,3,9,12,20,14,1,19,21,5,3,1,1,15,68,24,0,7,814,58,160,23,202,166,135,15,42,4,22,18,112,46,2094,302,1483,988,246,15584,30383,---,8,0,0,21,7124,15757,---,---,0,0,---,---,0,0,---,---,1,0,53294,68878
484,Truck transportation,12449,555,2041,1529,340,1954,36718,3407,4885,10000,4648,4500,1341,1842,9467,2527,1444,1449,38685,845,205,3623,777,8745,8288,3404,10383,3596,1780,1304,9184,1895,491,231,16561,460,90,6177,1434,1139,142,1479,1728,243,237,420,39,160,1135,1343,170,681,5864,371,2629,608,670,2480,2571,532,1363,284,657,749,4444,2984,7437,1083,1530,9329,2227,275980,132446,5,29078,1739,1112,-38,38651,7747,---,---,983,70,---,---,223,83,---,---,1035,185,213318,489298
485,Transit and ground passenger transportation,---,1,2,5,70,844,1116,118,145,136,212,150,15,18,155,44,61,96,311,8,2,101,97,52,111,206,2317,206,8,40,257,1,288,---,---,---,5,256,8,355,164,652,2094,6346,2462,1272,335,15,11209,2069,781,4069,5501,338,4018,357,831,3837,4932,853,585,3859,206,193,2577,498,86,18,34,21052,1050,90113,69538,---,---,---,---,---,---,---,---,---,---,---,---,---,---,---,---,---,---,---,69538,159651
486,Pipeline transportation,230,8,9184,55,19,12874,622,14,12,26,23,17,2,7,6,3,4,15,52,6,0,26,12,16691,474,18,104,21,8,5,37,800,78,105,388,74,5,257,65,11,2,9,15,74,71,2,17,7,91,43,1,25,34,14,164,40,57,22,29,14,23,5,25,16,89,54,289,32,536,2088,8978,55223,5213,---,---,---,---,442,14198,---,---,---,---,---,---,---,---,---,---,---,---,---,19853,75076
487OS,Other transportation and support activities,---,62,33,384,3,7131,---,998,1035,168,71,13,0,3,12,---,257,165,559,61,---,660,372,788,156,741,81168,3475,1961,691,21480,28949,1044,3511,70268,1940,1160,42127,6304,1468,1029,138,6414,1276,5357,104,---,---,---,8901,722,1527,10865,807,3505,2001,688,3035,6534,473,1765,756,903,151,1748,1461,6,212,1290,1082,3968,345938,25250,---,---,---,---,---,16338,3889,---,---,---,---,---,---,---,---,---,---,---,---,45477,391415
493,Warehousing and storage,720,---,9,106,---,611,---,1289,1917,97,575,417,321,96,130,108,106,427,3745,1092,250,2620,894,769,2033,3508,39877,13534,8336,5885,39753,66,1,946,9288,420,311,1274,7089,541,293,492,2116,---,---,33,---,1,996,1664,205,408,1660,14,11962,401,230,955,2032,206,348,271,153,657,1649,907,440,1296,---,8885,173,187607,229,---,---,---,---,---,177,---,---,---,---,---,---,---,---,---,---,---,---,---,406,188013
511,"Publishing industries, except internet (includes software)",71,0,41,1,4,323,1502,39,1,21,84,46,63,1,31,317,11,37,12,---,0,7,48,6,26,10,4805,764,72,313,1181,13,70,---,43,45,---,574,158,53521,61,740,3986,698,1417,980,99,0,1217,884,1294,2205,6548,493,3097,47,1066,1599,2695,160,1082,83,141,176,289,722,83,1876,21,13467,519,112006,154120,---,---,168797,---,-3259,37116,-5676,---,---,---,6417,---,---,---,7569,---,---,---,16865,381949,493955
512,Motion picture and sound recording industries,---,---,---,---,---,---,---,---,---,---,---,---,---,---,---,---,---,---,---,---,---,---,---,---,---,---,90,724,370,---,147,6,---,---,4,---,53,25,---,216,36920,54603,424,69,52,---,---,---,149,193,12,89,4742,455,125,---,701,99,28,1106,2307,494,95,777,6008,536,36,1622,64,591,---,113930,21631,---,---,52887,---,313,26267,-14872,---,---,---,---,---,---,---,---,---,---,---,---,86225,200156
513,Broadcasting and telecommunications,398,6,505,72,146,875,6501,291,545,269,871,670,196,134,388,886,155,376,1222,66,40,264,353,62,426,398,10774,2243,653,357,5928,1076,69,140,1875,693,1468,1368,177,1934,469,92171,17369,9050,6706,2727,988,14,20107,3508,3149,3828,12087,1547,13268,1129,2377,5051,2520,1181,888,601,1475,4926,7135,5500,5647,6226,1317,69832,1405,349069,390126,---,7758,35532,---,---,12254,-132,---,---,---,---,---,---,---,---,---,---,---,---,445538,794607
514,"Data processing, internet publishing, and other information services",---,0,88,9,11,4503,3674,1143,1441,1139,2143,2071,200,567,749,2634,661,909,2623,144,47,1171,421,268,542,696,6509,8646,2083,1694,17236,545,0,---,294,492,146,1147,290,5265,223,4929,28005,22060,7676,3567,3895,2,2028,2607,5059,8864,24550,1889,45909,2544,7828,2761,5279,485,1573,1709,2765,1489,22103,11856,2345,9761,878,56415,4401,367654,141441,---,---,69967,---,---,8242,-2531,---,---,---,3430,---,---,---,4045,---,---,---,8778,233374,601028
521CI,"Federal Reserve banks, credit intermediation, and related activities",4608,392,2603,630,480,8209,15061,1194,1057,1747,2113,1780,2997,1252,4719,1513,716,2231,7135,337,817,1214,720,1639,6011,2219,43134,7122,2441,2677,11749,1600,5612,623,2528,6220,4416,3105,357,7531,11594,8941,9201,105176,84335,869,10377,150199,99677,20739,2018,5005,20847,28594,9910,1089,2429,7138,6658,1075,1242,1274,2897,7620,12947,12846,0,9316,1512,26286,4822,839138,400515,---,---,---,---,---,93929,-11591,---,---,---,---,---,---,---,---,---,---,---,---,482853,1321992
523,"Securities, commodity contracts, and investments",345,10,3187,3384,7724,670,2275,55,80,2698,2535,2112,113,507,2625,703,730,1031,176,6,2,36,35,42,26,108,4531,185,413,1129,998,2292,447,1426,627,4329,337,2417,56,405,769,245,200,68117,56703,4836,130197,5,12595,9763,611,962,3485,13507,1970,59,1119,2145,16166,484,3497,1488,184,8466,11747,4660,0,7,24,22159,7306,434282,297968,---,---,---,---,---,81675,-48,---,---,---,---,---,---,---,---,---,---,---,---,379595,813877
524,Insurance carriers and related activities,3731,285,3398,626,972,1657,652,362,1233,901,1106,1517,277,1017,4648,971,465,617,5510,263,117,463,88,393,2488,913,46274,4863,1482,1662,10258,806,37,1001,15425,15829,544,4400,2241,480,1654,2111,1585,7356,14040,491517,17464,11350,78979,17201,2521,3209,12164,436,9355,1503,4372,16219,19295,4200,10076,2717,2745,1710,11067,3290,0,913,8796,4026,14988,916825,496820,---,---,---,3264,---,25583,-63774,---,---,---,---,---,---,---,---,---,---,---,---,461894,1378718
525,"Funds, trusts, and other financial vehicles",---,---,---,---,---,---,---,---,---,---,---,---,---,---,---,---,---,---,---,---,---,---,---,---,---,---,---,---,---,---,---,---,---,---,---,---,---,---,---,---,---,---,---,---,---,1705,3453,---,---,---,---,---,---,26,---,---,---,---,---,---,---,---,---,---,---,---,---,22,---,536,---,5742,240778,---,---,---,---,---,---,---,---,---,---,---,---,---,---,---,---,---,---,---,240778,246519
HS,Housing,---,---,---,---,---,---,---,---,---,---,---,---,---,---,---,---,---,---,---,---,---,---,---,---,---,---,---,---,---,---,---,---,---,---,---,---,---,---,---,---,---,---,---,---,---,---,---,---,---,---,---,---,---,---,---,---,---,---,---,---,---,---,---,---,---,---,---,---,---,---,---,---,2907957,---,---,---,---,---,---,---,---,---,---,---,---,---,---,---,---,---,---,---,2907957,2907957
ORE,Other real estate,2752,29,3305,183,432,8034,28670,1053,1438,765,6729,2711,3945,1088,2627,1735,1690,2359,7440,690,252,2039,2713,165,8978,4039,125269,34354,33460,24848,158242,362,198,1454,14192,5468,575,9120,11098,12631,4810,40597,17809,40392,53437,25957,1059,6947,233393,26336,21831,12997,86708,47180,40020,5306,56456,73137,100971,36281,22890,19579,31248,4892,105356,105082,671,22608,1083,29681,3533,1805379,7416,47203,---,---,153513,---,3359,---,---,---,---,---,---,---,---,---,---,---,---,---,211492,2016870
532RL,Rental and leasing services and lessors of intangible assets,2114,92,6815,2457,2519,3297,39815,390,1149,1210,2751,2093,652,799,9424,1571,317,1397,6442,91,2891,1440,638,1501,5474,1618,50463,1811,2216,6987,14378,17416,8290,9450,31144,2495,66,2984,4252,3763,1208,12535,19355,6936,14458,4822,30,6208,5227,27350,2742,7544,30738,38516,14215,3441,2625,7084,5092,541,999,3823,3665,4594,37250,3595,504,998,307,13254,1248,535582,105495,---,---,---,---,---,96929,---,---,---,---,---,---,---,---,---,---,---,---,---,202424,738005
5411,Legal services,374,64,1202,434,138,5622,9656,592,571,780,2066,1675,3326,349,3214,1436,328,1845,1720,171,131,874,429,518,6991,1424,22316,1063,819,841,7337,256,935,255,373,412,88,694,390,5134,1071,3635,9313,8074,17516,15042,2653,2507,15435,1829,3045,5423,19533,12356,9636,675,674,5566,22307,1905,1387,3143,3307,1503,3706,7365,0,225,91,19626,1858,287248,131102,---,---,---,13796,---,20484,-5583,---,---,---,---,---,---,---,---,---,---,---,---,159799,447048
5415,Computer systems design and related services,378,19,7263,416,40,2055,7327,354,352,355,1630,2002,317,124,627,3097,221,436,1709,69,29,297,420,598,340,526,22409,5493,847,1753,7371,238,1003,67,868,581,19,255,323,8500,587,3822,16601,7808,10068,7770,1345,942,5680,951,3858,11051,13250,2081,16717,664,2950,4835,6236,1202,2425,665,1740,1159,7732,4307,5512,17494,170,40505,5730,286588,---,---,91304,342948,---,---,51912,-47177,---,---,934,12494,---,---,---,35343,---,---,497,10507,498763,785351
5412OP,"Miscellaneous professional, scientific, and technical services",2425,360,5720,1529,1032,15971,78578,2504,2976,4016,5753,5099,6348,2044,7548,4758,2181,4815,16160,780,321,2976,1717,2105,15557,5562,167574,37198,11708,6510,101375,1600,2130,2186,5894,3200,2804,3007,2762,29506,7263,43505,74841,65916,63310,47299,4175,3847,85350,25648,11743,44425,186439,54659,66633,3954,13911,33313,53672,9813,11358,11546,13982,9301,39897,45551,68744,18708,2486,104678,30995,1833247,114273,---,49750,767254,1900,---,224890,-120252,---,---,---,80933,---,---,---,130040,---,---,---,26442,1275230,3108477
55,Management of companies and enterprises,---,---,39964,5923,2394,88,19408,462,2522,1354,4512,12169,4414,2639,10961,4242,480,4232,28956,1014,556,2306,521,3984,15706,2181,138289,3238,5882,15787,37526,2770,6,1056,5355,301,2,8112,1848,5149,615,5833,4806,7332,19355,6516,1533,53,48932,23066,4308,5526,19843,30,24118,5283,6859,44038,11381,6178,2390,3084,2988,20478,71650,12066,1,---,216,0,---,754788,---,---,---,---,---,---,4420,---,---,---,---,---,---,---,---,---,---,---,---,---,4420,759207
561,Administrative and support services,360,21,561,377,829,7946,11047,915,1190,4153,7819,2368,1852,553,3244,7243,332,1742,3981,178,589,1248,2875,1505,4920,1772,79801,8591,2804,4780,26552,4182,918,7910,10544,13818,3147,10836,5415,23182,1803,36347,37576,24887,18782,14588,134,3110,219193,49964,9420,40290,65737,19346,86764,5339,7906,32032,62113,12755,5486,5734,4550,6426,15570,20647,6893,14990,688,53681,10063,1164910,95325,---,---,---,---,---,6294,-4354,---,---,---,---,---,---,---,---,---,---,---,---,97264,1262174
562,Waste management and remediation services,77,1,637,67,49,456,2128,127,208,277,275,190,70,49,157,181,82,93,1242,41,2,226,79,292,1223,249,1989,788,247,162,905,31,148,4,855,35,331,303,130,38,24,60,72,341,199,1188,193,3,68818,1347,292,389,2548,485,3044,13654,365,1761,2017,678,531,94,536,854,2005,1193,118,715,244,26924,4919,150055,40521,---,---,---,---,---,601,-525,---,---,---,---,---,---,---,---,---,---,---,---,40597,190652
61,Educational services,1,0,---,---,---,26,1,---,---,---,---,---,---,---,---,---,---,---,---,---,---,---,6,1,---,0,2003,273,590,---,3260,97,3,---,---,---,3,13,---,0,---,8,29,48,12,---,---,---,---,---,---,27,8,---,371,---,3464,0,6,---,---,5230,749,---,---,3804,0,44,173,14448,9,34707,459417,---,---,---,---,---,4809,-2506,---,---,---,---,---,---,---,---,---,---,---,---,461720,496427
621,Ambulatory health care services,---,---,---,---,---,---,---,---,---,---,---,---,---,---,---,---,---,---,---,---,---,---,---,---,---,---,---,---,---,---,---,---,---,---,---,---,---,---,---,---,---,---,---,---,---,---,---,---,---,---,---,---,170,---,92,---,---,17917,18068,108,1,167,5,---,---,82,---,1321,---,15649,---,53579,1456340,---,---,---,---,---,624,-441,---,---,---,---,---,---,---,---,---,---,---,---,1456523,1510102
622,Hospitals,---,---,---,---,---,---,---,---,---,---,---,---,---,---,---,---,---,---,---,---,---,---,---,---,---,---,---,---,---,---,---,---,---,---,---,---,---,---,---,---,---,---,---,---,---,---,---,---,---,---,---,---,---,---,---,---,---,---,401,---,---,---,---,---,---,---,---,---,---,---,---,401,1431192,---,---,---,---,---,11113,-10011,---,---,---,---,---,---,---,---,---,---,---,---,1432293,1432694
623,Nursing and residential care facilities,---,---,---,---,---,---,---,---,---,---,---,---,---,---,---,---,---,---,---,---,---,---,---,---,---,---,---,---,---,---,---,---,---,---,---,---,---,---,---,---,---,---,---,---,---,---,---,---,---,---,---,---,---,---,---,---,---,---,---,---,---,---,---,---,---,---,---,4350,---,2274,---,6624,311448,---,---,---,---,---,143,-126,---,---,---,---,---,---,---,---,---,---,---,---,311465,318089
624,Social assistance,---,---,---,---,---,---,---,---,---,---,---,---,---,---,---,---,---,---,---,---,---,---,---,---,---,---,---,---,---,---,---,---,---,---,---,---,---,---,---,---,---,---,---,---,---,---,---,---,---,---,---,---,---,---,---,---,---,---,---,---,---,---,---,---,---,---,---,---,---,0,---,0,337000,---,---,---,---,---,---,---,---,---,---,---,---,---,---,---,---,---,---,---,337000,337000
711AS,"Performing arts, spectator sports, museums, and related activities",99,0,1,---,17,112,359,46,44,75,83,59,4,6,46,17,19,34,157,4,1,54,44,40,37,120,5031,849,520,98,1135,---,133,---,98,37,---,398,8,256,12062,31368,814,4147,1152,243,417,1,8818,662,670,1750,6981,4872,2963,166,1986,1702,1870,287,1550,32987,1352,401,5704,2250,0,32,51,2552,71,139923,113577,---,---,9818,---,---,1604,-2150,---,---,---,---,---,---,---,---,---,---,---,---,122849,262772
713,"Amusements, gambling, and recreation industries",74,1,---,1,25,160,595,38,58,43,69,46,5,4,38,15,21,30,100,2,0,33,34,17,33,70,2256,39,136,7,1250,0,1,---,---,---,---,38,3,125,56,158,734,2196,842,123,114,2,---,522,317,1446,1799,2243,1740,129,207,1618,65,133,339,191,538,491,2034,195,2670,24,3,3760,202,30259,280291,---,---,---,---,---,0,-2,---,---,---,---,---,---,---,---,---,---,---,---,280289,310548
721,Accommodation,1,---,2,8,104,943,613,155,208,194,309,221,23,29,244,65,87,140,450,14,4,146,196,76,167,327,4583,60,74,60,384,---,15,---,---,1,15,473,17,614,322,787,3633,10850,4214,598,575,13,18607,2917,1225,7286,8095,1085,6217,745,1051,5216,340,383,750,177,479,758,4587,822,3966,2356,75,5391,254,104794,205827,---,---,---,---,---,---,---,---,---,---,---,---,---,---,---,---,---,---,---,205827,310621
722,Food services and drinking places,405,8,24,28,227,1923,801,240,275,308,391,304,30,61,292,98,103,172,731,35,15,234,194,176,215,441,11522,1486,1019,1356,5660,8117,3,20,1413,282,101,1900,357,579,480,787,3344,17424,4490,3250,1449,11,58369,7698,2399,10236,22938,5692,13853,735,2264,35879,27875,10564,6504,753,3004,12415,12708,2178,1533,803,411,22644,825,335059,1132608,---,---,---,---,---,2796,---,---,---,---,---,---,---,---,---,---,---,---,---,1135404,1470463
81,"Other services, except government",302,52,158,114,172,1127,9966,524,1134,1589,1617,934,502,191,932,769,168,458,2833,112,23,1134,360,943,2140,1047,25186,3404,2558,2569,8810,527,103,851,8492,5426,551,2623,808,1415,232,5501,2228,7410,6209,5848,242,24476,8126,12729,1034,3246,12838,7476,21766,6778,3437,6787,15031,1821,1554,1296,2526,2187,14836,8590,4799,16628,715,53064,5513,357545,865906,---,---,---,---,---,105,-4502,---,---,---,---,---,---,---,---,---,---,---,---,861510,1219055
GFGD,Federal general government (defense),---,---,---,---,---,---,---,---,---,---,---,---,---,---,---,---,---,---,---,---,---,---,---,---,---,---,---,---,---,---,---,---,---,---,---,---,---,---,---,---,---,---,---,---,---,---,---,---,---,---,---,---,---,---,---,---,---,---,---,---,---,---,---,---,---,---,---,---,---,---,---,---,---,---,---,---,---,---,---,---,783196,---,---,---,---,---,---,---,---,---,---,---,783196,783196
GFGN,Federal general government (nondefense),---,---,---,---,---,---,---,---,---,---,---,---,---,---,---,---,---,---,---,---,---,---,---,---,---,---,---,---,---,---,---,---,---,---,---,---,---,---,---,---,---,---,---,---,---,---,---,---,---,---,---,---,---,---,---,---,---,---,---,---,---,---,---,---,---,---,---,---,---,---,---,---,---,---,---,---,---,---,---,---,---,---,---,---,536983,---,---,---,---,---,---,---,536983,536983
GFE,Federal government enterprises,8,2,---,3,---,232,9,---,---,40,106,210,40,140,---,---,---,17,---,1,---,---,46,33,41,---,21154,1124,604,340,5894,2,---,2354,3142,484,141,783,594,369,281,157,1751,1810,3084,112,---,0,783,2690,253,581,2310,215,1199,144,562,1259,3544,276,589,167,153,849,9402,518,1,145,77,2709,121,73657,6621,---,---,---,---,---,473,-233,---,---,---,---,---,---,---,---,---,---,---,---,6861,80518
GSLG,State and local general government,---,---,---,---,---,---,---,---,---,---,---,---,---,---,---,---,---,---,---,---,---,---,---,---,---,---,---,---,---,---,---,---,---,---,---,---,---,---,---,---,---,---,---,---,---,---,---,---,---,---,---,---,---,---,---,---,---,---,---,---,---,---,---,---,---,---,---,---,---,---,---,---,---,---,---,---,---,---,---,---,---,---,---,---,---,---,---,---,2403775,---,---,---,2403775,2403775
GSLE,State and local government enterprises,---,1,---,---,---,584,---,76,182,243,242,202,54,40,158,182,50,91,1233,48,7,211,67,279,1262,199,1550,593,274,152,850,2,---,---,463,5,145,94,122,57,51,74,121,552,339,74,---,---,5086,2661,464,310,1539,454,1645,1401,178,931,1040,556,346,108,249,890,2022,1284,1299,596,209,8265,1937,44397,92239,---,---,---,---,---,---,---,---,---,---,---,---,---,---,---,---,---,---,---,92239,136636
Used,"Scrap, used and secondhand goods",-18,125,---,---,1115,6165,3290,---,0,23004,342,4,---,---,---,---,---,0,0,0,---,0,---,---,0,2,---,30,---,---,231,-210,---,-183,213,5,70,2079,0,---,0,0,---,---,---,---,---,---,---,0,---,---,---,92,---,---,1376,0,---,---,---,-166,68,---,---,61837,-50,---,---,---,---,99422,93132,-3002,-172784,---,-1924,11823,29959,-19610,---,-4,0,---,---,490,30,---,---,4450,-27521,---,-84963,14458
Other,Noncomparable imports and rest-of-the-world adjustment [1],752,26,1119,11,139,998,2178,313,282,792,613,1127,2090,325,2343,556,109,352,2489,83,22,552,236,4284,2031,721,8124,99,461,910,4089,20799,114,2647,1054,16,143,663,101,778,390,8137,1006,3940,52605,1655,125,40,915,3039,122,2651,3322,1841,1364,77,597,---,---,362,---,372,465,959,3290,4345,9220,2113,5,---,---,167503,-33227,---,---,12955,---,---,198736,-339956,---,---,---,---,---,---,---,---,---,---,---,---,-161493,6010
,Total Intermediate,333040,14470,221722,53737,32247,193762,1115337,106609,85041,234872,242998,251569,105867,91995,600700,224542,48631,76723,844608,32929,11418,128625,43934,540951,497558,200929,1187619,179107,112519,107764,601184,144694,38707,46962,273147,76768,22497,141600,62516,190284,88061,444179,316891,458315,466181,657103,187170,286468,1163921,306113,84986,216991,775593,281113,521521,84786,161326,474108,517036,120597,136857,109636,108351,128957,630166,427143,301885,188354,40565,1162740,298806,20666102,,,,,,,,,,,,,,,,,,,,,,
V001,Compensation of employees,37618,33877,29025,22346,35886,97380,744011,31750,37609,40164,122779,116527,197451,44972,93737,99450,24647,67539,152510,12619,7939,35559,26732,21465,130894,60593,706712,167538,132756,117621,386829,79083,23335,9218,134032,33610,9996,142144,111880,175187,39810,122036,203282,349473,337565,368999,6146,26041,138527,50096,176101,417850,922167,444212,584803,45590,252694,765615,525013,175323,184927,82241,75943,102291,437453,411400,322108,242604,70220,1642001,132016,14209568,---,---,---,---,---,---,---,---,---,---,---,---,---,---,---,---,---,---,---,---,---,---
V002,"Taxes on production and imports, less subsidies",3344,2605,49965,8211,2799,79504,14696,1105,2136,3435,4973,4986,11454,1228,5052,3977,569,2511,28655,783,392,2440,1025,5398,23161,2798,308064,70478,36689,57388,171322,34940,-1450,1381,6219,2781,4745,3578,1390,7960,6720,42527,8240,24116,8186,45374,809,319323,41313,28893,23759,11971,23385,12748,16050,5202,12989,12621,19642,8650,-4834,10044,26441,43204,83859,34318,---,---,-11496,---,-36441,1790300,---,---,---,---,---,---,---,---,---,---,---,---,---,---,---,---,---,---,---,---,---,---
V003,Gross operating surplus,181341,15393,178036,52614,32869,269631,461859,29243,36983,40395,60868,78880,99190,29911,77619,86875,7084,46842,154036,3595,4094,36729,15103,189919,377774,34291,638238,123722,62256,28180,417601,52595,31189,13894,116384,32472,33964,61839,4517,218384,67472,328419,257901,539842,16470,306754,11861,2295487,626457,269886,162885,59364,424491,46170,203677,31277,46356,222286,99168,12534,17920,78959,26096,100066,144876,143672,201962,163013,10366,303285,65456,11720838,---,---,---,---,---,---,---,---,---,---,---,---,---,---,---,---,---,---,---,---,---,---
,Total Value Added,222303,51875,257027,83171,71555,446515,1220566,62098,76728,83994,188620,200393,308095,76111,176408,190302,32300,116892,335201,16997,12426,74729,42860,216782,531829,97682,1653014,361738,231700,203189,975752,166618,53074,24492,256635,68862,48704,207561,117788,401531,114002,492982,469423,913432,362221,721127,18816,2640851,806297,348875,362744,489185,1370043,503129,804531,82069,312038,1000523,643823,196507,198014,171243,128481,245561,666189,589391,524070,405617,69089,1945285,161032,---,---,---,---,---,---,---,---,---,---,---,---,---,---,---,---,---,---,---,---,---,27720708,---
,Total Industry Output,555343,66345,478748,136909,103802,640276,2335903,168707,161769,318866,431618,451962,413962,168106,777108,414844,80932,193615,1179810,49926,23844,203354,86794,757733,1029387,298611,2840633,540845,344219,310953,1576936,311313,91781,71454,529782,145630,71201,349161,180304,591814,202063,937161,786315,1371746,828402,1378230,205986,2927319,1970218,654987,447730,706176,2145636,784243,1326052,166856,473364,1474631,1160859,317104,334871,280879,236832,374518,1296355,1016534,825954,593971,109654,3108025,459838,---,18822770,884053,1425843,1521678,1111491,41695,2639563,-3436906,783196,14712,99390,104795,536983,19753,25004,178792,2403775,417824,59704,66591,,48386809

Legend/Footnotes
1. Consists of noncomparable imports in the intermediate section of the use table and noncomparable imports and the rest-of-the-world adjustment in the final use section of the use table.
Note. Selected data with zero values are not shown.
Note. Detail may not add to total due to rounding.
