GeoFIPS,GeoName,Region,TableName,LineCode,IndustryClassification,Description,Unit,1969,1970,1971,1972,1973,1974,1975,1976,1977,1978,1979,1980,1981,1982,1983,1984,1985,1986,1987,1988,1989,1990,1991,1992,1993,1994,1995,1996,1997,1998,1999,2000,2001,2002,2003,2004,2005,2006,2007,2008,2009,2010,2011,2012,2013,2014,2015,2016,2017,2018,2019,2020,2021,2022
 "44000","Rhode Island",1,CAINC45,10,"...","Cash receipts from marketings (thousands of dollars) ","Thousands of dollars",20001,20808,19975,19256,22858,23565,27689,28435,27208,30058,30995,33358,34830,54983,58105,62867,76256,76308,76478,78485,73269,70538,70752,66797,66973,66195,63221,66300,51540,49961,47652,47014,54373,57456,61275,65110,63900,64886,66024,84586,78200,78564,79722,70988,69694,74048,76276,66432,70472,68149,57556,59446,63869,76754
 "44000","Rhode Island",1,CAINC45,20,"..."," Cash receipts: Livestock and products ","Thousands of dollars",11401,11084,9814,9430,11035,12195,12041,12638,12126,13319,13472,14888,16096,15276,12797,14413,14080,12634,13542,14426,14011,14743,13604,14749,13474,12465,9526,12119,9503,10724,9878,9236,10080,9418,9920,10498,10568,10124,10416,15257,12725,14610,17002,20474,22162,27242,29996,23466,26895,23176,20261,22193,21296,33250
 "44000","Rhode Island",1,CAINC45,60,"..."," Cash receipts: Crops ","Thousands of dollars",8600,9724,10161,9826,11823,11370,15648,15797,15082,16739,17523,18470,18734,39707,45308,48454,62176,63674,62936,64059,59258,55795,57148,52048,53499,53730,53695,54181,42037,39237,37774,37778,44293,48038,51355,54612,53332,54762,55608,69329,65475,63954,62720,50514,47532,46806,46280,42966,43577,44973,37295,37253,42573,43504
 "44000","Rhode Island",1,CAINC45,120,"...","Other income ","Thousands of dollars",405,451,433,422,453,715,791,932,822,970,1479,1313,1304,1888,2538,2639,4230,4514,1882,1745,1788,2027,1996,3280,2863,2920,2561,1898,1940,2104,3951,5962,3505,6505,5988,8260,9261,6581,14878,11469,13646,15742,13231,18075,17415,12812,12527,8672,9101,7627,12159,15430,10863,15360
 "44000","Rhode Island",1,CAINC45,130,"..."," Government payments ","Thousands of dollars",69,72,57,57,26,63,67,87,63,62,78,95,156,105,107,205,134,468,119,132,90,191,110,308,140,451,317,156,122,167,877,1218,292,652,1084,1499,4823,2576,9866,3631,6383,6367,3874,3858,2073,1688,3415,1346,2483,1996,1977,11282,7558,3958
 "44000","Rhode Island",1,CAINC45,140,"..."," Imputed and miscellaneous income received 1/","Thousands of dollars",336,379,376,365,427,652,724,845,759,908,1401,1218,1148,1783,2431,2434,4096,4046,1763,1613,1698,1836,1886,2972,2723,2469,2244,1742,1818,1937,3074,4744,3213,5853,4904,6761,4438,4005,5012,7838,7263,9375,9357,14217,15342,11124,9112,7326,6618,5631,10182,4148,3305,11402
 "44000","Rhode Island",1,CAINC45,150,"...","Production expenses ","Thousands of dollars",15198,14762,14706,14585,19864,21130,20911,23088,24343,26513,29613,32966,32678,34007,34577,34653,35679,34940,36502,39070,41479,42876,42097,40137,42918,45667,47496,48304,48458,49447,47508,50090,51805,58268,56326,57718,54836,60270,72386,79558,75204,78174,78534,79831,82236,90150,81891,83424,68154,67234,62582,68663,65515,79926
 "44000","Rhode Island",1,CAINC45,160,"..."," Feed purchased ","Thousands of dollars",3400,3584,3158,2767,3915,5196,4966,4900,4746,5058,5169,5996,6005,5347,5211,4714,4252,3875,3491,3763,3712,3792,3554,3551,3493,3320,2865,3038,2689,2651,2080,1832,1749,1643,2475,2809,2646,3225,3737,4657,4038,4620,4977,4780,5185,5372,5330,4852,4350,4306,4107,4527,4320,4202
 "44000","Rhode Island",1,CAINC45,170,"..."," Livestock purchased ","Thousands of dollars",1073,813,742,715,833,877,803,900,1045,1237,1031,1193,1091,1271,634,793,683,878,1146,1056,1093,1254,1375,1130,1740,1194,1062,1297,848,1116,986,1139,838,730,900,893,818,854,747,806,587,653,751,1023,1090,1422,755,736,606,664,616,780,872,871
 "44000","Rhode Island",1,CAINC45,180,"..."," Seed purchased ","Thousands of dollars",704,727,741,748,1117,2012,994,1590,1250,828,918,1024,1097,1021,922,1230,1202,1291,1387,1673,1751,1736,1894,1505,1527,1761,2066,2411,2676,3087,2820,3494,3755,5161,5008,4255,3564,3382,3857,4199,3982,3888,4075,3823,3970,4274,4019,4484,5082,4828,4142,4650,3888,7002
 "44000","Rhode Island",1,CAINC45,190,"..."," Fertilizer and lime (incl. ag. chemicals 1978-fwd.) ","Thousands of dollars",1075,1041,1066,1081,1096,1870,1649,1572,1888,1841,2115,2243,2259,1926,2069,2609,2414,2528,2145,2024,2309,2366,2674,2348,2268,2434,2714,2470,2644,2705,2635,2830,3059,2791,2738,2992,3196,3690,4152,5130,4580,4737,5320,4351,4492,4744,4013,3926,3494,4061,3616,4188,4569,5972
 "44000","Rhode Island",1,CAINC45,200,"..."," Petroleum products purchased ","Thousands of dollars",540,531,536,527,586,823,967,1186,1350,1465,1662,2150,2163,1798,1726,1791,1594,1328,1325,1279,1283,1549,1505,1328,1401,1417,1609,1797,1895,1695,1576,2027,1919,1760,1960,2496,2910,3468,4334,4852,3900,4087,4763,5435,5991,6074,4564,3843,3173,3127,3086,2836,3188,4684
 "44000","Rhode Island",1,CAINC45,210,"..."," Hired farm labor expenses 2/","Thousands of dollars",3487,3152,3244,3346,3116,3384,3655,3835,4609,5029,5450,5611,5392,6190,6566,7342,8218,8258,9154,9730,10093,11296,10561,9697,10905,11145,12563,13071,14124,14660,13476,15265,16088,20185,18267,18092,14805,16433,19671,17849,17613,16332,14112,19519,20311,21099,18012,19936,15179,14115,11601,12408,11762,18487
 "44000","Rhode Island",1,CAINC45,220,"..."," All other production expenses 3/","Thousands of dollars",4919,4914,5219,5401,9201,6968,7877,9105,9455,11055,13268,14749,14671,16454,17449,16174,17316,16782,17854,19545,21238,20883,20534,20578,21584,24396,24617,24220,23582,23533,23935,23503,24397,25998,24978,26181,26897,29218,35888,42065,40504,43857,44536,40900,41197,47165,45198,45647,36270,36133,35414,39274,36916,38708
 "44000","Rhode Island",1,CAINC45,240,"...","Value of inventory change ","Thousands of dollars",-166,17,-386,-164,-12,2566,-1686,-467,202,142,-641,236,201,-186,-375,-89,-794,-579,326,-219,-190,131,-213,976,-168,367,-928,-842,-807,203,-185,473,-1160,329,-431,408,-1110,-98,953,-431,-619,786,-121,-33,541,-462,209,-1131,448,-274,-532,-744,573,805
 "44000","Rhode Island",1,CAINC45,250,"..."," Value of inventory change: livestock ","Thousands of dollars",-223,4,-315,-30,-12,138,-81,-683,115,-502,-616,209,-287,-337,-381,-38,-769,-175,672,-635,-74,-27,176,-122,513,-94,-54,-882,-668,-22,137,8,-486,17,-69,36,-537,-96,121,-199,-276,154,-102,138,613,-379,263,-537,414,-292,-118,-893,120,515
 "44000","Rhode Island",1,CAINC45,260,"..."," Value of inventory change: crops ","Thousands of dollars",57,13,-71,-134,0,2428,-1605,216,87,644,-25,27,488,151,6,-51,-25,-404,-346,416,-116,158,-397,760,-784,197,-396,92,-208,151,-137,366,-582,114,-48,234,-188,-290,649,-284,-341,622,53,-277,-42,-227,-155,-293,164,4,-303,63,241,121
 "44000","Rhode Island",1,CAINC45,265,"..."," Value of inventory change: materials and supplies ","Thousands of dollars",(NA),(NA),(NA),(NA),(NA),(NA),(NA),(NA),(NA),(NA),(NA),(NA),(NA),(NA),(NA),(NA),(NA),(NA),(NA),(NA),(NA),(NA),8,338,103,264,-478,-52,69,74,-185,99,-92,198,-314,138,-385,288,183,52,-2,10,-72,106,-30,144,101,-301,-130,14,-111,86,212,169
 "44000","Rhode Island",1,CAINC45,270,"...","Cash receipts and other income ","Thousands of dollars",20406,21259,20408,19678,23311,24280,28480,29367,28030,31028,32474,34671,36134,56871,60643,65506,80486,80822,78360,80230,75057,72565,72748,70077,69836,69115,65782,68198,53480,52065,51603,52976,57878,63961,67263,73370,73161,71467,80902,96055,91846,94306,92953,89063,87109,86860,88803,75104,79573,75776,69715,74876,74732,92114
 "44000","Rhode Island",1,CAINC45,280,"..."," Less: Production expenses ","Thousands of dollars",15198,14762,14706,14585,19864,21130,20911,23088,24343,26513,29613,32966,32678,34007,34577,34653,35679,34940,36502,39070,41479,42876,42097,40137,42918,45667,47496,48304,48458,49447,47508,50090,51805,58268,56326,57718,54836,60270,72386,79558,75204,78174,78534,79831,82236,90150,81891,83424,68154,67234,62582,68663,65515,79926
 "44000","Rhode Island",1,CAINC45,290,"...","Equals: Realized net income ","Thousands of dollars",5208,6497,5702,5093,3447,3150,7569,6279,3687,4515,2861,1705,3456,22864,26066,30853,44807,45882,41858,41160,33578,29689,30651,29940,26918,23448,18286,19894,5022,2618,4095,2886,6073,5693,10937,15652,18325,11197,8516,16497,16642,16132,14419,9232,4873,-3290,6912,-8320,11419,8542,7133,6213,9217,12188
 "44000","Rhode Island",1,CAINC45,300,"..."," Plus: Value of inventory change ","Thousands of dollars",-166,17,-386,-164,-12,2566,-1686,-467,202,142,-641,236,201,-186,-375,-89,-794,-579,326,-219,-190,131,-213,976,-168,367,-928,-842,-807,203,-185,473,-1160,329,-431,408,-1110,-98,953,-431,-619,786,-121,-33,541,-462,209,-1131,448,-274,-532,-744,573,805
 "44000","Rhode Island",1,CAINC45,310,"...","Equals: Net income including corporate farms ","Thousands of dollars",5042,6514,5316,4929,3435,5716,5883,5812,3889,4657,2220,1941,3657,22678,25691,30764,44013,45303,42184,40941,33388,29820,30438,30916,26750,23815,17358,19052,4215,2821,3910,3359,4913,6022,10506,16060,17215,11099,9469,16066,16023,16918,14298,9199,5414,-3752,7121,-9451,11867,8268,6601,5469,9790,12993
 "44000","Rhode Island",1,CAINC45,320,"..."," Less: Net income of corporate farms ","Thousands of dollars",491,575,548,672,735,742,1016,783,601,920,455,108,674,2188,-4214,5841,10420,10104,10065,8398,10608,9831,8634,10859,7191,8960,4288,7679,1543,877,935,1034,1661,2118,4223,7468,6648,3943,3956,6626,5011,5957,5504,3030,1276,-2559,568,-6461,1873,3062,1722,1632,3533,5099
 "44000","Rhode Island",1,CAINC45,330,"..."," Plus: Statistical adjustment ","Thousands of dollars",0,0,0,0,0,0,0,0,0,0,0,0,0,0,0,0,0,0,0,0,0,0,0,0,0,0,0,0,0,0,0,0,0,0,0,0,0,0,0,0,0,0,0,0,0,0,0,0,0,0,0,0,0,0
 "44000","Rhode Island",1,CAINC45,340,"...","Equals: Farm proprietors' income ","Thousands of dollars",4551,5939,4768,4257,2700,4974,4867,5029,3288,3737,1765,1833,2983,20490,29905,24923,33593,35199,32119,32543,22780,19989,21804,20057,19559,14855,13070,11373,2672,1944,2975,2325,3252,3904,6283,8592,10567,7156,5513,9440,11012,10961,8794,6169,4138,-1193,6553,-2990,9994,5206,4879,3837,6257,7894
 "44000","Rhode Island",1,CAINC45,350,"..."," Plus: Farm wages and salaries ","Thousands of dollars",3312,3147,3200,3272,3222,3411,3565,3648,4310,4789,5215,5400,5271,6220,6432,6838,7342,7236,7650,8275,8386,9380,8664,7979,8816,8744,9963,10569,11361,11532,10587,12387,12861,16257,14655,14297,11554,12977,15139,13906,13451,12842,11166,16411,16726,17739,14411,16370,12807,12051,9691,10367,9841,14260
 "44000","Rhode Island",1,CAINC45,360,"..."," Plus: Farm supplements to wages and salaries ","Thousands of dollars",186,187,209,228,296,350,394,507,565,571,600,599,588,471,513,611,689,748,879,929,1166,1346,1342,1326,1479,1556,1573,1502,1507,1541,1354,1581,1877,2059,1924,1844,1641,2372,2934,3318,3002,3018,2408,3212,3582,3785,3600,3812,3610,2925,2902,2921,3082,4195
 "44000","Rhode Island",1,CAINC45,370,"...","Equals: Farm earnings ","Thousands of dollars",8049,9273,8177,7757,6218,8735,8826,9184,8163,9097,7580,7832,8842,27181,36850,32372,41624,43183,40648,41747,32332,30715,31810,29362,29854,25155,24606,23444,15540,15017,14916,16293,17990,22220,22862,24733,23762,22505,23586,26664,27465,26821,22368,25792,24446,20331,24564,17192,26411,20182,17472,17125,19180,26349
 "44001","Bristol, RI",1,CAINC45,10,"...","Cash receipts from marketings (thousands of dollars) ","Thousands of dollars",1329,1245,1158,1122,1220,1264,1320,1447,1357,1474,1344,1296,1226,1598,1627,1728,2114,2152,2027,2398,2664,2891,3270,3658,3825,3815,3769,3892,3002,2907,2857,2889,3466,3804,3782,3714,3354,3184,2857,3879,3613,3556,3529,3099,2908,2534,2091,1503,1167,931,834,857,875,921
 "44001","Bristol, RI",1,CAINC45,20,"..."," Cash receipts: Livestock and products ","Thousands of dollars",1101,931,761,682,669,641,656,715,672,781,659,588,543,478,382,315,299,225,179,292,316,383,398,450,419,346,293,338,219,216,173,120,93,49,131,200,274,339,353,658,604,664,706,825,996,962,905,728,774,526,498,521,491,529
 "44001","Bristol, RI",1,CAINC45,60,"..."," Cash receipts: Crops ","Thousands of dollars",228,314,397,440,551,623,664,732,685,693,685,708,683,1120,1245,1413,1815,1927,1848,2106,2348,2508,2872,3208,3406,3469,3476,3554,2783,2691,2684,2769,3373,3755,3651,3514,3080,2845,2504,3221,3009,2892,2823,2274,1912,1572,1186,775,393,405,336,336,384,392
 "44001","Bristol, RI",1,CAINC45,120,"...","Other income ","Thousands of dollars",16,19,17,17,16,22,15,17,13,26,70,70,59,64,70,63,79,73,46,33,39,22,17,23,16,47,13,24,15,117,272,509,319,601,459,524,941,701,729,478,457,616,556,671,1178,1145,1220,1200,1335,1143,2106,1085,1491,2310
 "44001","Bristol, RI",1,CAINC45,130,"..."," Government payments ","Thousands of dollars",1,3,2,2,1,5,2,3,2,3,2,2,10,2,2,5,2,3,1,3,13,1,1,14,6,35,0,10,2,1,30,86,16,16,27,0,642,468,479,76,116,210,190,172,99,19,2,9,37,29,31,287,854,69
 "44001","Bristol, RI",1,CAINC45,140,"..."," Imputed and miscellaneous income received 1/","Thousands of dollars",15,16,15,15,15,17,13,14,11,23,68,68,49,62,68,58,77,70,45,30,26,21,16,9,10,12,13,14,13,116,242,423,303,585,432,524,299,233,250,402,341,406,366,499,1079,1126,1218,1191,1298,1114,2075,798,637,2241
 "44001","Bristol, RI",1,CAINC45,150,"...","Production expenses ","Thousands of dollars",893,807,749,701,881,900,872,931,973,1034,1113,1220,1130,1074,1097,1085,1111,1077,1116,1305,1490,1663,1713,1713,2043,2320,2627,2885,3000,3127,2958,3247,3395,4028,3777,3640,3377,3522,4031,4149,3582,3400,3042,2719,2878,3168,2982,3143,2595,2538,2391,2603,2451,2941
 "44001","Bristol, RI",1,CAINC45,160,"..."," Feed purchased ","Thousands of dollars",268,245,188,144,179,208,200,194,187,197,220,275,226,242,229,185,144,105,65,85,99,115,121,133,123,109,87,86,71,68,52,44,41,37,70,89,91,118,140,170,144,161,170,158,183,203,216,212,207,205,196,216,206,200
 "44001","Bristol, RI",1,CAINC45,170,"..."," Livestock purchased ","Thousands of dollars",78,54,44,38,38,33,34,42,52,66,62,80,65,90,41,41,26,22,14,17,22,29,37,33,72,51,58,72,42,51,39,33,15,8,20,22,19,15,3,5,5,8,10,18,21,23,11,12,11,9,8,10,13,9
 "44001","Bristol, RI",1,CAINC45,180,"..."," Seed purchased ","Thousands of dollars",13,15,18,19,31,60,36,72,74,68,58,46,40,14,12,15,14,14,13,17,18,19,22,19,149,284,433,599,750,794,678,795,816,1080,928,675,459,322,222,244,234,231,245,233,199,171,122,95,66,63,54,60,51,92
 "44001","Bristol, RI",1,CAINC45,190,"..."," Fertilizer and lime (incl. ag. chemicals 1978-fwd.) ","Thousands of dollars",44,41,39,37,37,72,60,55,75,69,79,84,86,63,63,72,61,58,44,47,60,68,83,77,78,86,100,95,106,105,99,104,109,98,92,97,100,112,124,165,158,174,207,177,159,140,95,67,38,44,39,46,50,65
 "44001","Bristol, RI",1,CAINC45,200,"..."," Petroleum products purchased ","Thousands of dollars",30,30,30,30,34,47,50,57,61,64,66,78,68,50,48,48,41,33,33,38,44,59,65,63,67,68,78,88,91,87,86,118,119,118,109,122,128,140,161,174,135,137,154,173,180,169,114,83,56,55,54,50,56,82
 "44001","Bristol, RI",1,CAINC45,210,"..."," Hired farm labor expenses 2/","Thousands of dollars",178,161,170,180,169,185,176,163,177,178,173,160,164,128,163,210,259,284,338,425,500,632,648,649,739,757,855,905,986,999,897,1001,1038,1283,1103,1036,796,828,929,776,717,625,506,657,766,808,752,890,711,663,570,591,543,886
 "44001","Bristol, RI",1,CAINC45,220,"..."," All other production expenses 3/","Thousands of dollars",282,261,260,253,393,295,316,348,347,392,455,497,481,487,541,514,566,561,609,676,747,741,737,739,815,965,1016,1040,954,1023,1107,1152,1257,1404,1455,1599,1784,1987,2452,2615,2189,2064,1750,1303,1370,1654,1672,1784,1506,1499,1470,1630,1532,1607
 "44001","Bristol, RI",1,CAINC45,240,"...","Value of inventory change ","Thousands of dollars",-30,-4,-15,0,-1,-9,-1,-51,-3,-33,-60,-11,14,-6,-34,-13,-56,3,19,-27,-7,7,-8,21,30,20,-46,-18,-30,30,-37,26,-44,24,-20,15,-34,-3,5,-4,-6,14,1,-15,13,-13,14,-60,42,-22,-59,-41,35,35
 "44001","Bristol, RI",1,CAINC45,250,"..."," Value of inventory change: livestock ","Thousands of dollars",-30,0,-4,0,-2,0,-1,-58,2,-40,-60,0,-2,-5,-40,-3,-41,0,28,-32,-2,0,2,0,39,-2,0,-30,-24,0,4,0,-15,0,-2,1,-13,-3,3,-1,-7,5,-6,1,12,-1,1,-28,29,-22,-26,-49,6,19
 "44001","Bristol, RI",1,CAINC45,260,"..."," Value of inventory change: crops ","Thousands of dollars",0,-4,-11,0,1,-9,0,7,-5,7,0,-11,16,-1,6,-10,-15,3,-9,5,-5,7,-10,10,-13,7,-13,16,-12,23,-24,17,-21,6,6,6,0,-13,2,-5,1,9,10,-20,2,-17,10,-24,16,0,-30,6,24,12
 "44001","Bristol, RI",1,CAINC45,265,"..."," Value of inventory change: materials and supplies ","Thousands of dollars",(NA),(NA),(NA),(NA),(NA),(NA),(NA),(NA),(NA),(NA),(NA),(NA),(NA),(NA),(NA),(NA),(NA),(NA),(NA),(NA),(NA),(NA),0,11,4,15,-33,-4,6,7,-17,9,-8,18,-24,8,-21,13,0,2,0,0,-3,4,-1,5,3,-8,-3,0,-3,2,5,4
 "44001","Bristol, RI",1,CAINC45,270,"...","Cash receipts and other income ","Thousands of dollars",1345,1264,1175,1139,1236,1286,1335,1464,1370,1500,1414,1366,1285,1662,1697,1791,2193,2225,2073,2431,2703,2913,3287,3681,3841,3862,3782,3916,3017,3024,3129,3398,3785,4405,4241,4238,4295,3885,3586,4357,4070,4172,4085,3770,4086,3679,3311,2703,2502,2074,2940,1942,2366,3231
 "44001","Bristol, RI",1,CAINC45,280,"..."," Less: Production expenses ","Thousands of dollars",893,807,749,701,881,900,872,931,973,1034,1113,1220,1130,1074,1097,1085,1111,1077,1116,1305,1490,1663,1713,1713,2043,2320,2627,2885,3000,3127,2958,3247,3395,4028,3777,3640,3377,3522,4031,4149,3582,3400,3042,2719,2878,3168,2982,3143,2595,2538,2391,2603,2451,2941
 "44001","Bristol, RI",1,CAINC45,290,"...","Equals: Realized net income ","Thousands of dollars",452,457,426,438,355,386,463,533,397,466,301,146,155,588,600,706,1082,1148,957,1126,1213,1250,1574,1968,1798,1542,1155,1031,17,-103,171,151,390,377,464,598,918,363,-445,208,488,772,1043,1051,1208,511,329,-440,-93,-464,549,-661,-85,290
 "44001","Bristol, RI",1,CAINC45,300,"..."," Plus: Value of inventory change ","Thousands of dollars",-30,-4,-15,0,-1,-9,-1,-51,-3,-33,-60,-11,14,-6,-34,-13,-56,3,19,-27,-7,7,-8,21,30,20,-46,-18,-30,30,-37,26,-44,24,-20,15,-34,-3,5,-4,-6,14,1,-15,13,-13,14,-60,42,-22,-59,-41,35,35
 "44001","Bristol, RI",1,CAINC45,310,"...","Equals: Net income including corporate farms ","Thousands of dollars",422,453,411,438,354,377,462,482,394,433,241,135,169,582,566,693,1026,1151,976,1099,1206,1257,1566,1989,1828,1562,1109,1013,-13,-73,134,177,346,401,444,613,884,360,-440,204,482,786,1044,1036,1221,498,343,-500,-51,-486,490,-702,-50,325
 "44001","Bristol, RI",1,CAINC45,320,"..."," Less: Net income of corporate farms ","Thousands of dollars",0,1,4,7,13,9,33,36,41,61,60,17,39,66,-97,125,206,196,157,149,252,271,291,782,560,692,319,502,-11,-63,48,78,173,213,240,362,416,148,-347,93,168,298,423,433,463,192,81,-279,-26,-172,130,-276,-18,126
 "44001","Bristol, RI",1,CAINC45,330,"..."," Plus: Statistical adjustment ","Thousands of dollars",0,0,0,0,0,0,0,0,0,0,0,0,0,0,0,0,0,0,0,0,0,0,0,0,0,0,0,0,0,0,0,0,0,0,0,0,0,0,0,0,0,0,0,0,0,0,0,0,0,0,0,0,0,0
 "44001","Bristol, RI",1,CAINC45,340,"...","Equals: Farm proprietors' income ","Thousands of dollars",422,452,407,431,341,368,429,446,353,372,181,118,130,516,663,568,820,955,819,950,954,986,1275,1207,1268,870,790,511,-2,-10,86,99,173,188,204,251,468,212,-93,111,314,488,621,603,758,306,262,-221,-25,-314,360,-426,-32,199
 "44001","Bristol, RI",1,CAINC45,350,"..."," Plus: Farm wages and salaries ","Thousands of dollars",148,147,155,165,160,178,174,166,185,197,206,228,222,231,233,241,213,205,193,199,285,331,299,326,208,223,226,319,310,277,233,317,321,386,391,369,225,206,301,228,236,97,60,126,96,43,25,7,5,20,31,108,70,56
 "44001","Bristol, RI",1,CAINC45,360,"..."," Plus: Farm supplements to wages and salaries ","Thousands of dollars",9,9,10,11,14,17,19,22,23,23,24,24,23,16,18,21,19,23,23,22,37,44,45,53,34,39,35,45,42,37,29,38,46,50,52,47,32,39,55,59,57,23,16,31,23,9,7,5,5,9,11,30,23,20
 "44001","Bristol, RI",1,CAINC45,370,"...","Equals: Farm earnings ","Thousands of dollars",579,608,572,607,515,563,622,634,561,592,411,370,375,763,914,830,1052,1183,1035,1171,1276,1361,1619,1586,1510,1132,1051,875,350,304,348,454,540,624,647,667,725,457,263,398,607,608,697,760,877,358,294,-209,-15,-285,402,-288,61,275
 "44003","Kent, RI",1,CAINC45,10,"...","Cash receipts from marketings (thousands of dollars) ","Thousands of dollars",1303,1368,1279,1189,1443,1634,1439,1316,1043,864,1218,1542,1908,2702,2278,2438,2527,2368,2172,2597,2883,3064,3511,3937,4125,3933,3745,3832,3095,2908,2874,3042,3527,3827,3898,3977,3758,3513,3746,3909,3739,4091,4402,3940,3685,3612,3407,2361,2146,2230,1872,1949,2083,2603
 "44003","Kent, RI",1,CAINC45,20,"..."," Cash receipts: Livestock and products ","Thousands of dollars",996,1025,897,833,1024,1188,992,865,673,555,819,1090,1433,1734,1178,1277,1131,921,829,854,741,718,603,560,565,501,440,579,519,546,464,527,544,440,416,432,418,328,306,445,392,544,850,976,976,1255,1045,758,660,696,600,679,631,1120
 "44003","Kent, RI",1,CAINC45,60,"..."," Cash receipts: Crops ","Thousands of dollars",307,343,382,356,419,446,447,451,370,309,399,452,475,968,1100,1161,1396,1447,1343,1743,2142,2346,2908,3377,3560,3432,3305,3253,2576,2362,2410,2515,2983,3387,3482,3545,3340,3185,3440,3464,3347,3547,3552,2964,2709,2357,2362,1603,1486,1534,1272,1270,1452,1483
 "44003","Kent, RI",1,CAINC45,120,"...","Other income ","Thousands of dollars",44,53,54,53,59,97,104,110,91,114,181,201,236,406,484,462,771,739,200,156,133,115,91,127,108,137,133,124,145,173,317,514,292,592,529,825,910,602,1161,914,1219,1515,1089,1467,1860,1455,1507,1151,1185,1017,1815,1212,827,2402
 "44003","Kent, RI",1,CAINC45,130,"..."," Government payments ","Thousands of dollars",4,6,6,4,2,3,6,6,8,5,5,9,18,16,14,20,18,23,9,9,7,6,5,33,4,25,10,9,4,8,49,96,6,67,53,121,422,140,555,57,472,600,236,269,314,183,338,127,130,145,196,573,316,625
 "44003","Kent, RI",1,CAINC45,140,"..."," Imputed and miscellaneous income received 1/","Thousands of dollars",40,47,48,49,57,94,98,104,83,109,176,192,218,390,470,442,753,716,191,147,126,109,86,94,104,112,123,115,141,165,268,418,286,525,476,704,488,462,606,857,747,915,853,1198,1546,1272,1169,1024,1055,872,1619,639,511,1777
 "44003","Kent, RI",1,CAINC45,150,"...","Production expenses ","Thousands of dollars",916,923,918,913,1307,1445,1085,1070,933,976,1206,1487,1513,1671,1698,1684,1696,1644,1695,2020,2359,2589,2746,2790,2807,2901,2858,2721,2575,2981,3163,3613,4015,4809,4763,4833,4706,5127,6129,6893,6526,6833,6847,7188,7127,7478,6391,6128,4660,4616,4314,4723,4507,5503
 "44003","Kent, RI",1,CAINC45,160,"..."," Feed purchased ","Thousands of dollars",347,372,333,295,422,565,412,360,279,260,313,417,364,439,441,386,334,289,243,241,217,202,172,152,160,160,146,163,151,162,140,137,146,155,252,300,292,365,431,511,423,463,478,439,471,481,471,421,369,365,349,385,367,357
 "44003","Kent, RI",1,CAINC45,170,"..."," Livestock purchased ","Thousands of dollars",127,96,87,83,97,101,67,65,59,66,71,103,92,149,70,74,52,51,44,39,40,46,50,37,74,51,58,76,61,71,54,64,36,22,28,32,30,31,28,29,24,38,65,103,95,130,53,46,32,41,38,47,54,59
 "44003","Kent, RI",1,CAINC45,180,"..."," Seed purchased ","Thousands of dollars",9,16,22,28,50,102,43,67,48,30,29,29,32,23,26,41,46,54,61,70,70,65,68,49,75,109,147,190,226,365,403,564,662,972,861,653,474,371,320,346,325,315,327,303,300,308,277,295,316,301,258,290,243,438
 "44003","Kent, RI",1,CAINC45,190,"..."," Fertilizer and lime (incl. ag. chemicals 1978-fwd.) ","Thousands of dollars",44,38,34,30,28,46,36,37,49,54,77,96,115,105,104,119,100,94,71,96,142,177,235,235,202,189,180,138,119,128,130,145,163,152,155,174,191,225,255,311,274,279,309,248,278,318,291,308,296,344,306,355,387,506
 "44003","Kent, RI",1,CAINC45,200,"..."," Petroleum products purchased ","Thousands of dollars",35,35,36,35,40,56,47,51,49,53,73,108,118,108,103,105,91,73,71,76,84,111,117,112,108,100,105,109,106,100,98,132,131,126,164,227,280,346,444,465,350,344,376,404,444,447,334,279,228,225,222,204,230,338
 "44003","Kent, RI",1,CAINC45,210,"..."," Hired farm labor expenses 2/","Thousands of dollars",108,99,107,114,109,120,100,97,102,113,139,157,181,180,167,167,162,141,146,221,301,400,445,461,472,478,513,479,488,555,538,641,713,915,903,961,850,1017,1283,1288,1384,1401,1288,1998,1871,1826,1399,1438,977,907,756,797,740,1199
 "44003","Kent, RI",1,CAINC45,220,"..."," All other production expenses 3/","Thousands of dollars",246,267,299,328,561,455,380,393,347,400,504,577,611,667,787,792,911,942,1059,1277,1505,1588,1659,1744,1716,1814,1709,1566,1424,1600,1800,1930,2164,2467,2400,2486,2589,2772,3368,3943,3746,3993,4004,3693,3668,3968,3566,3341,2442,2433,2385,2645,2486,2606
 "44003","Kent, RI",1,CAINC45,240,"...","Value of inventory change ","Thousands of dollars",-12,-2,-60,-6,20,-2,-24,-38,12,-23,-51,-18,2,-23,-23,-16,-84,-3,41,-49,-21,11,-13,60,6,27,-65,-31,-66,46,-44,43,-106,43,-18,34,-80,-13,16,-13,-22,33,1,-28,24,-30,26,-82,28,-15,-47,-41,45,51
 "44003","Kent, RI",1,CAINC45,250,"..."," Value of inventory change: livestock ","Thousands of dollars",-12,1,-47,-5,17,-2,-14,-48,18,-34,-51,0,-19,-27,-29,-3,-60,-13,68,-65,-5,-4,12,-2,46,-8,-1,-59,-50,0,11,1,-38,1,-6,2,-39,-3,6,-8,-23,14,-13,5,23,-7,8,-35,22,-16,-9,-54,5,26
 "44003","Kent, RI",1,CAINC45,260,"..."," Value of inventory change: crops ","Thousands of dollars",0,-3,-13,-1,3,0,-10,10,-6,11,0,-18,21,4,6,-13,-24,10,-27,16,-16,15,-25,41,-46,19,-35,31,-20,41,-40,33,-59,20,22,19,-3,-38,-5,-10,1,18,20,-41,3,-34,10,-24,16,0,-30,6,24,12
 "44003","Kent, RI",1,CAINC45,265,"..."," Value of inventory change: materials and supplies ","Thousands of dollars",(NA),(NA),(NA),(NA),(NA),(NA),(NA),(NA),(NA),(NA),(NA),(NA),(NA),(NA),(NA),(NA),(NA),(NA),(NA),(NA),(NA),(NA),0,21,6,16,-29,-3,4,5,-15,9,-9,22,-34,13,-38,28,15,5,0,1,-6,8,-2,11,8,-23,-10,1,-8,7,16,13
 "44003","Kent, RI",1,CAINC45,270,"...","Cash receipts and other income ","Thousands of dollars",1347,1421,1333,1242,1502,1731,1543,1426,1134,978,1399,1743,2144,3108,2762,2900,3298,3107,2372,2753,3016,3179,3602,4064,4233,4070,3878,3956,3240,3081,3191,3556,3819,4419,4427,4802,4668,4115,4907,4823,4958,5606,5491,5407,5545,5067,4914,3512,3331,3247,3687,3161,2910,5005
 "44003","Kent, RI",1,CAINC45,280,"..."," Less: Production expenses ","Thousands of dollars",916,923,918,913,1307,1445,1085,1070,933,976,1206,1487,1513,1671,1698,1684,1696,1644,1695,2020,2359,2589,2746,2790,2807,2901,2858,2721,2575,2981,3163,3613,4015,4809,4763,4833,4706,5127,6129,6893,6526,6833,6847,7188,7127,7478,6391,6128,4660,4616,4314,4723,4507,5503
 "44003","Kent, RI",1,CAINC45,290,"...","Equals: Realized net income ","Thousands of dollars",431,498,415,329,195,286,458,356,201,2,193,256,631,1437,1064,1216,1602,1463,677,733,657,590,856,1274,1426,1169,1020,1235,665,100,28,-57,-196,-390,-336,-31,-38,-1012,-1222,-2070,-1568,-1227,-1356,-1781,-1582,-2411,-1477,-2616,-1329,-1369,-627,-1562,-1597,-498
 "44003","Kent, RI",1,CAINC45,300,"..."," Plus: Value of inventory change ","Thousands of dollars",-12,-2,-60,-6,20,-2,-24,-38,12,-23,-51,-18,2,-23,-23,-16,-84,-3,41,-49,-21,11,-13,60,6,27,-65,-31,-66,46,-44,43,-106,43,-18,34,-80,-13,16,-13,-22,33,1,-28,24,-30,26,-82,28,-15,-47,-41,45,51
 "44003","Kent, RI",1,CAINC45,310,"...","Equals: Net income including corporate farms ","Thousands of dollars",419,496,355,323,215,284,434,318,213,-21,142,238,633,1414,1041,1200,1518,1460,718,684,636,601,843,1334,1432,1196,955,1204,599,146,-16,-14,-302,-347,-354,3,-118,-1025,-1206,-2083,-1590,-1194,-1355,-1809,-1558,-2441,-1451,-2698,-1301,-1384,-674,-1603,-1552,-447
 "44003","Kent, RI",1,CAINC45,320,"..."," Less: Net income of corporate farms ","Thousands of dollars",9,8,6,7,10,6,11,6,5,0,16,19,116,150,-140,137,146,81,18,22,40,46,62,329,295,379,209,472,253,57,-12,-10,-205,-233,-222,1,-70,-627,-613,-1177,-1087,-808,-884,-1117,-999,-1453,-1152,-2352,-1037,-763,-457,-987,-904,-215
 "44003","Kent, RI",1,CAINC45,330,"..."," Plus: Statistical adjustment ","Thousands of dollars",0,0,0,0,0,0,0,0,0,0,0,0,0,0,0,0,0,0,0,0,0,0,0,0,0,0,0,0,0,0,0,0,0,0,0,0,0,0,0,0,0,0,0,0,0,0,0,0,0,0,0,0,0,0
 "44003","Kent, RI",1,CAINC45,340,"...","Equals: Farm proprietors' income ","Thousands of dollars",410,488,349,316,205,278,423,312,208,-21,126,219,517,1264,1181,1063,1372,1379,700,662,596,555,781,1005,1137,817,746,732,346,89,-4,-4,-97,-114,-132,2,-48,-398,-593,-906,-503,-386,-471,-692,-559,-988,-299,-346,-264,-621,-217,-616,-648,-232
 "44003","Kent, RI",1,CAINC45,350,"..."," Plus: Farm wages and salaries ","Thousands of dollars",116,116,122,129,145,155,137,120,119,113,227,256,286,332,313,296,300,222,283,261,147,175,197,188,254,229,254,303,347,425,310,486,478,532,505,694,330,397,505,479,573,597,493,687,637,599,488,691,692,629,638,834,820,1613
 "44003","Kent, RI",1,CAINC45,360,"..."," Plus: Farm supplements to wages and salaries ","Thousands of dollars",7,7,8,10,13,16,15,17,15,13,25,27,30,24,24,26,30,25,34,31,24,30,35,33,44,44,45,50,53,64,45,66,71,75,72,92,53,82,116,132,140,152,118,140,147,136,129,160,190,147,179,213,235,429
 "44003","Kent, RI",1,CAINC45,370,"...","Equals: Farm earnings ","Thousands of dollars",533,611,479,455,363,449,575,449,342,105,378,502,833,1620,1518,1385,1702,1626,1017,954,767,760,1013,1226,1435,1090,1045,1085,746,578,351,548,452,493,445,788,335,81,28,-295,210,363,140,135,225,-253,318,505,618,155,600,431,407,1810
 "44005","Newport, RI",1,CAINC45,10,"...","Cash receipts from marketings (thousands of dollars) ","Thousands of dollars",5502,5778,5718,5570,6548,6354,8219,8439,8149,9237,9584,10010,10274,19095,21222,22329,28501,28749,29352,30272,26442,24636,24485,20792,20384,19753,19291,19679,15344,14885,13872,13283,15036,15407,16520,17751,17401,17829,18295,22267,19751,18894,18334,14955,16738,19001,19696,19797,22749,20172,17596,17783,19035,20079
 "44005","Newport, RI",1,CAINC45,20,"..."," Cash receipts: Livestock and products ","Thousands of dollars",2150,2090,1959,2019,2333,2543,2685,2981,2867,3461,3013,2788,2651,2328,2252,2265,2381,2308,2622,2839,2588,2670,2368,2382,2521,2513,2461,3241,2870,3168,2852,2406,2343,1907,1991,2141,2114,1971,2134,2900,2308,2645,3219,3307,4718,6687,7033,7505,9734,6740,6457,6657,6320,7086
 "44005","Newport, RI",1,CAINC45,60,"..."," Cash receipts: Crops ","Thousands of dollars",3352,3688,3759,3551,4215,3811,5534,5458,5282,5776,6571,7222,7623,16767,18970,20064,26120,26441,26730,27433,23854,21966,22117,18410,17863,17240,16830,16438,12474,11717,11020,10877,12693,13500,14529,15610,15287,15858,16161,19367,17443,16249,15115,11648,12020,12314,12663,12292,13015,13432,11139,11126,12715,12993
 "44005","Newport, RI",1,CAINC45,120,"...","Other income ","Thousands of dollars",82,78,78,69,78,113,118,146,132,147,269,209,215,260,302,289,348,693,431,368,304,311,240,377,249,364,249,163,181,416,930,1561,946,1876,1694,1988,1705,1161,3025,2406,2812,3134,2964,4498,4231,2814,2547,1488,1314,1303,1948,3152,2232,2610
 "44005","Newport, RI",1,CAINC45,130,"..."," Government payments ","Thousands of dollars",15,8,13,7,6,10,8,18,15,14,32,25,51,26,30,45,17,382,41,58,26,57,23,110,10,152,63,22,42,30,181,290,42,152,376,328,713,346,2099,800,1192,883,586,662,420,349,748,190,292,284,361,2494,1717,785
 "44005","Newport, RI",1,CAINC45,140,"..."," Imputed and miscellaneous income received 1/","Thousands of dollars",67,70,65,62,72,103,110,128,117,133,237,184,164,234,272,244,331,311,390,310,278,254,217,267,239,212,186,141,139,386,749,1271,904,1724,1318,1660,992,815,926,1606,1620,2251,2378,3836,3811,2465,1799,1298,1022,1019,1587,658,515,1825
 "44005","Newport, RI",1,CAINC45,150,"...","Production expenses ","Thousands of dollars",4181,4128,4289,4407,5983,6251,6342,7081,7588,8290,9481,10544,10243,11101,11189,10854,10893,10297,10366,11183,11891,12490,12293,11599,12236,12731,13327,13407,13436,13578,12888,13589,14029,15892,14640,14636,13244,14299,16926,18375,17896,18945,19450,20664,21841,24481,22565,23599,19584,19319,18004,19762,18901,22834
 "44005","Newport, RI",1,CAINC45,160,"..."," Feed purchased ","Thousands of dollars",485,547,509,466,683,934,898,875,841,882,872,979,925,774,812,746,685,638,591,630,615,622,577,571,630,665,632,730,700,668,504,422,378,323,450,483,437,516,585,788,730,883,998,998,1104,1168,1187,1109,1023,1013,965,1064,1015,987
 "44005","Newport, RI",1,CAINC45,170,"..."," Livestock purchased ","Thousands of dollars",223,154,128,110,111,98,120,161,214,279,208,209,157,139,71,83,67,80,97,114,135,179,217,191,323,212,226,259,177,211,163,142,74,41,51,53,47,51,51,68,64,100,152,241,306,429,200,227,173,146,148,177,198,139
 "44005","Newport, RI",1,CAINC45,180,"..."," Seed purchased ","Thousands of dollars",176,196,212,226,353,662,325,509,389,244,277,316,336,325,288,378,363,383,408,570,676,747,893,772,653,639,650,663,653,680,572,663,674,884,923,846,766,789,978,1081,1040,1030,1095,1043,1027,1049,935,990,1065,1012,868,974,815,1468
 "44005","Newport, RI",1,CAINC45,190,"..."," Fertilizer and lime (incl. ag. chemicals 1978-fwd.) ","Thousands of dollars",377,342,332,321,316,534,482,469,571,567,676,742,751,673,700,846,751,754,613,594,696,730,844,756,713,745,810,718,746,735,688,711,738,644,678,784,876,1050,1219,1538,1401,1477,1690,1409,1464,1556,1326,1306,1171,1361,1212,1403,1531,2001
 "44005","Newport, RI",1,CAINC45,200,"..."," Petroleum products purchased ","Thousands of dollars",147,147,150,148,166,235,281,348,398,432,493,642,633,534,518,532,469,386,377,360,357,426,409,356,369,368,412,455,475,421,388,494,463,418,416,490,539,615,741,880,744,815,987,1165,1324,1390,1089,964,843,830,820,753,847,1244
 "44005","Newport, RI",1,CAINC45,210,"..."," Hired farm labor expenses 2/","Thousands of dollars",1309,1225,1293,1371,1304,1430,1557,1638,1980,2169,2399,2520,2404,2865,2930,3134,3370,3311,3519,3870,4097,4712,4503,4215,4548,4419,4831,4878,5080,5210,4766,5400,5672,7102,6238,6075,4862,5285,6201,5453,5190,4764,3996,5554,5692,6014,5113,5747,4426,4115,3366,3607,3419,5381
 "44005","Newport, RI",1,CAINC45,220,"..."," All other production expenses 3/","Thousands of dollars",1464,1517,1665,1765,3050,2358,2679,3081,3195,3717,4556,5136,5037,5791,5870,5135,5188,4745,4761,5045,5315,5074,4850,4738,5000,5683,5766,5704,5605,5653,5807,5757,6030,6480,5884,5905,5717,5993,7151,8567,8727,9876,10532,10254,10924,12875,12715,13256,10883,10842,10625,11784,11076,11614
 "44005","Newport, RI",1,CAINC45,240,"...","Value of inventory change ","Thousands of dollars",-24,3,-14,-42,-38,999,-626,-99,79,347,-199,71,206,-4,-178,-12,-88,-300,-60,9,18,-12,-56,339,-55,143,-192,-295,-337,14,-222,381,-259,18,-240,115,-262,65,556,-206,-449,570,-149,-36,-12,-46,-185,-370,213,-141,-273,-317,164,226
 "44005","Newport, RI",1,CAINC45,250,"..."," Value of inventory change: livestock ","Thousands of dollars",-55,0,-25,-2,-17,8,-4,-171,26,-156,-225,-19,-15,-7,-185,-12,-173,-2,146,-143,0,-11,10,-1,183,-10,-3,-253,-245,-2,22,2,-164,5,-14,5,-186,-38,40,-7,-109,67,-65,12,129,-24,24,-219,198,-146,-153,-358,37,146
 "44005","Newport, RI",1,CAINC45,260,"..."," Value of inventory change: crops ","Thousands of dollars",31,3,11,-40,-21,991,-622,72,53,503,26,90,221,3,7,0,85,-298,-206,152,18,-1,-68,250,-266,83,-63,-29,-110,-2,-201,357,-75,-27,-161,82,5,42,470,-211,-340,501,-66,-74,-133,-58,-235,-73,49,1,-91,19,72,36
 "44005","Newport, RI",1,CAINC45,265,"..."," Value of inventory change: materials and supplies ","Thousands of dollars",(NA),(NA),(NA),(NA),(NA),(NA),(NA),(NA),(NA),(NA),(NA),(NA),(NA),(NA),(NA),(NA),(NA),(NA),(NA),(NA),(NA),(NA),2,90,28,70,-126,-13,18,18,-43,22,-20,40,-65,28,-81,61,46,12,0,2,-18,26,-8,36,26,-78,-34,4,-29,22,55,44
 "44005","Newport, RI",1,CAINC45,270,"...","Cash receipts and other income ","Thousands of dollars",5584,5856,5796,5639,6626,6467,8337,8585,8281,9384,9853,10219,10489,19355,21524,22618,28849,29442,29783,30640,26746,24947,24725,21169,20633,20117,19540,19842,15525,15301,14802,14844,15982,17283,18214,19739,19106,18990,21320,24673,22563,22028,21298,19453,20969,21815,22243,21285,24063,21475,19544,20935,21267,22689
 "44005","Newport, RI",1,CAINC45,280,"..."," Less: Production expenses ","Thousands of dollars",4181,4128,4289,4407,5983,6251,6342,7081,7588,8290,9481,10544,10243,11101,11189,10854,10893,10297,10366,11183,11891,12490,12293,11599,12236,12731,13327,13407,13436,13578,12888,13589,14029,15892,14640,14636,13244,14299,16926,18375,17896,18945,19450,20664,21841,24481,22565,23599,19584,19319,18004,19762,18901,22834
 "44005","Newport, RI",1,CAINC45,290,"...","Equals: Realized net income ","Thousands of dollars",1403,1728,1507,1232,643,216,1995,1504,693,1094,372,-325,246,8254,10335,11764,17956,19145,19417,19457,14855,12457,12432,9570,8397,7386,6213,6435,2089,1723,1914,1255,1953,1391,3574,5103,5862,4691,4394,6298,4667,3083,1848,-1211,-872,-2666,-322,-2314,4479,2156,1540,1173,2366,-145
 "44005","Newport, RI",1,CAINC45,300,"..."," Plus: Value of inventory change ","Thousands of dollars",-24,3,-14,-42,-38,999,-626,-99,79,347,-199,71,206,-4,-178,-12,-88,-300,-60,9,18,-12,-56,339,-55,143,-192,-295,-337,14,-222,381,-259,18,-240,115,-262,65,556,-206,-449,570,-149,-36,-12,-46,-185,-370,213,-141,-273,-317,164,226
 "44005","Newport, RI",1,CAINC45,310,"...","Equals: Net income including corporate farms ","Thousands of dollars",1379,1731,1493,1190,605,1215,1369,1405,772,1441,173,-254,452,8250,10157,11752,17868,18845,19357,19466,14873,12445,12376,9909,8342,7529,6021,6140,1752,1737,1692,1636,1694,1409,3334,5218,5600,4756,4950,6092,4218,3653,1699,-1247,-884,-2712,-507,-2684,4692,2015,1267,856,2530,81
 "44005","Newport, RI",1,CAINC45,320,"..."," Less: Net income of corporate farms ","Thousands of dollars",281,293,268,296,258,248,343,246,148,312,58,-48,118,993,-2147,2989,5691,5723,6131,4668,5028,3980,3150,4018,2551,3222,1633,2761,813,737,488,579,658,582,1502,2706,2438,1909,2506,2894,1569,1521,780,-589,-427,-1196,-293,-1670,970,763,368,286,903,35
 "44005","Newport, RI",1,CAINC45,330,"..."," Plus: Statistical adjustment ","Thousands of dollars",0,0,0,0,0,0,0,0,0,0,0,0,0,0,0,0,0,0,0,0,0,0,0,0,0,0,0,0,0,0,0,0,0,0,0,0,0,0,0,0,0,0,0,0,0,0,0,0,0,0,0,0,0,0
 "44005","Newport, RI",1,CAINC45,340,"...","Equals: Farm proprietors' income ","Thousands of dollars",1098,1438,1225,894,347,967,1026,1159,624,1129,115,-206,334,7257,12304,8763,12177,13122,13226,14798,9845,8465,9226,5891,5791,4307,4388,3379,939,1000,1204,1057,1036,827,1832,2512,3162,2847,2444,3198,2649,2132,919,-658,-457,-1516,-214,-1014,3722,1252,899,570,1627,46
 "44005","Newport, RI",1,CAINC45,350,"..."," Plus: Farm wages and salaries ","Thousands of dollars",1221,1187,1240,1296,1249,1356,1431,1474,1765,1964,1697,1889,1845,2230,2309,2614,2906,2686,2927,2860,3312,3982,3337,3223,3394,3254,3633,3579,3713,3483,3444,3895,4222,5751,5237,4856,3521,3840,4688,4271,4229,3884,3267,4907,4577,4715,3763,4059,3185,2983,2364,2550,2132,2669
 "44005","Newport, RI",1,CAINC45,360,"..."," Plus: Farm supplements to wages and salaries ","Thousands of dollars",71,73,82,91,119,143,161,209,236,235,202,216,211,167,182,230,270,272,328,317,452,551,494,518,552,561,568,501,493,468,440,496,605,719,670,621,490,695,893,1004,929,907,714,974,987,1023,956,973,922,749,731,745,707,844
 "44005","Newport, RI",1,CAINC45,370,"...","Equals: Farm earnings ","Thousands of dollars",2390,2698,2547,2281,1715,2466,2618,2842,2625,3328,2014,1899,2390,9654,14795,11607,15353,16080,16481,17975,13609,12998,13057,9632,9737,8122,8589,7459,5145,4951,5088,5448,5863,7297,7739,7989,7173,7382,8025,8473,7807,6923,4900,5223,5107,4222,4505,4018,7829,4984,3994,3865,4466,3559
 "44007","Providence, RI",1,CAINC45,10,"...","Cash receipts from marketings (thousands of dollars) ","Thousands of dollars",6597,6383,5739,5373,6258,6861,6848,7267,6939,7645,7940,9016,9590,10764,9987,11529,12203,12003,11692,11913,11912,11598,11707,12653,12547,12773,11358,13073,10978,11184,10306,10447,11937,12656,13553,14549,14175,14343,15160,19595,17730,18983,20051,21335,19970,21679,24049,16856,16379,18500,14753,16131,16938,26318
 "44007","Providence, RI",1,CAINC45,20,"..."," Cash receipts: Livestock and products ","Thousands of dollars",4895,4705,4026,3729,4444,4848,4709,4845,4729,5047,5547,6713,7499,6943,5489,6555,6041,5170,5423,5677,5645,5944,5594,6366,5505,5216,3532,4748,3698,4168,3723,3711,4033,4016,4140,4260,4005,3863,3628,7164,5921,6921,7893,10962,9382,11397,13930,7759,7292,9122,6976,8363,8060,17246
 "44007","Providence, RI",1,CAINC45,60,"..."," Cash receipts: Crops ","Thousands of dollars",1702,1678,1713,1644,1814,2013,2139,2422,2210,2598,2393,2303,2091,3821,4498,4974,6162,6833,6269,6236,6267,5654,6113,6287,7042,7557,7826,8325,7280,7016,6583,6736,7904,8640,9413,10289,10170,10480,11532,12431,11809,12062,12158,10373,10588,10282,10119,9097,9087,9378,7777,7768,8878,9072
 "44007","Providence, RI",1,CAINC45,120,"...","Other income ","Thousands of dollars",157,178,171,169,189,291,273,282,212,243,476,423,430,676,930,986,1586,1545,735,632,595,590,567,853,737,710,718,502,514,630,1389,2023,1251,2168,2037,2963,4023,2406,6690,4927,3634,4996,3887,5619,5145,4114,4073,2869,3353,2583,4059,3434,2041,4528
 "44007","Providence, RI",1,CAINC45,130,"..."," Government payments ","Thousands of dollars",21,25,17,21,12,20,17,27,18,16,10,17,24,23,26,75,45,15,14,22,11,13,23,80,25,62,124,37,26,28,393,452,174,180,306,492,2351,856,4699,2022,1105,1961,1032,1522,657,643,1087,329,976,705,531,1945,938,548
 "44007","Providence, RI",1,CAINC45,140,"..."," Imputed and miscellaneous income received 1/","Thousands of dollars",136,153,154,148,177,271,256,255,194,227,466,406,406,653,904,911,1541,1530,721,610,584,577,544,773,712,648,594,465,488,602,996,1571,1077,1988,1731,2471,1672,1550,1991,2905,2529,3035,2855,4097,4488,3471,2986,2540,2377,1878,3528,1489,1103,3980
 "44007","Providence, RI",1,CAINC45,150,"...","Production expenses ","Thousands of dollars",4989,4561,4210,3888,5067,5301,5348,5869,6151,6781,6972,7564,7749,7444,7025,7063,7259,7219,7666,8290,8918,9252,9247,9072,9669,10086,10097,10278,9962,10594,10482,11314,11859,13428,13606,14324,14044,15745,19024,20622,18512,18611,18106,17733,19268,21763,20573,21396,18037,17844,16644,18269,17515,21001
 "44007","Providence, RI",1,CAINC45,160,"..."," Feed purchased ","Thousands of dollars",1474,1509,1296,1111,1542,2013,2077,2169,2226,2490,2493,2833,3001,2603,2304,2010,1735,1495,1256,1399,1425,1498,1441,1480,1470,1411,1229,1317,1176,1151,894,779,732,677,1055,1225,1171,1442,1687,1920,1522,1595,1575,1389,1604,1775,1887,1852,1800,1781,1699,1872,1787,1739
 "44007","Providence, RI",1,CAINC45,170,"..."," Livestock purchased ","Thousands of dollars",545,430,405,405,490,537,476,508,571,648,538,620,609,701,323,400,340,431,552,518,543,628,715,617,863,609,482,624,413,570,532,700,564,542,652,632,565,588,494,572,381,365,340,398,334,441,293,221,177,276,229,314,348,461
 "44007","Providence, RI",1,CAINC45,180,"..."," Seed purchased ","Thousands of dollars",143,144,143,141,207,365,183,296,237,162,138,113,87,45,52,86,99,120,144,171,176,171,184,145,138,152,171,194,209,397,466,676,809,1204,1184,1022,870,841,981,1070,1016,994,1043,980,954,962,847,884,939,892,765,859,718,1293
 "44007","Providence, RI",1,CAINC45,190,"..."," Fertilizer and lime (incl. ag. chemicals 1978-fwd.) ","Thousands of dollars",167,149,145,142,133,196,221,256,332,381,396,377,367,276,289,377,360,388,337,314,354,357,400,349,337,362,404,368,392,406,400,434,474,439,448,505,554,654,750,897,775,775,841,663,698,752,650,650,592,688,613,709,774,1012
 "44007","Providence, RI",1,CAINC45,200,"..."," Petroleum products purchased ","Thousands of dollars",193,178,170,160,168,227,261,311,349,371,397,487,502,396,357,371,331,276,275,266,268,324,316,280,303,313,362,411,442,407,389,514,500,470,570,763,920,1123,1431,1541,1194,1208,1362,1506,1688,1746,1343,1164,997,983,970,891,1002,1472
 "44007","Providence, RI",1,CAINC45,210,"..."," Hired farm labor expenses 2/","Thousands of dollars",984,791,717,647,523,496,512,515,591,622,640,623,588,634,615,682,755,727,820,934,1057,1263,1263,1229,1367,1398,1580,1613,1729,2032,2035,2511,2827,3715,3362,3339,2747,3077,3642,3225,3144,2888,2473,3382,3934,4368,4110,4836,3972,3700,3034,3273,3156,4822
 "44007","Providence, RI",1,CAINC45,220,"..."," All other production expenses 3/","Thousands of dollars",1483,1360,1334,1282,2004,1467,1618,1814,1845,2107,2370,2511,2595,2789,3085,3137,3639,3782,4282,4688,5095,5011,4928,4972,5191,5841,5869,5751,5601,5631,5766,5700,5953,6381,6335,6838,7217,8020,10039,11397,10480,10786,10472,9415,10056,11719,11443,11789,9560,9524,9334,10351,9730,10202
 "44007","Providence, RI",1,CAINC45,240,"...","Value of inventory change ","Thousands of dollars",-77,14,-258,-48,32,55,-86,-153,18,-1,-90,274,-189,-77,-1,-24,-397,52,203,14,-138,80,-107,301,-222,26,-350,-305,-100,-55,237,-121,-419,129,-75,125,-399,-86,256,-181,-36,43,42,82,397,-288,225,-257,57,-41,30,-210,127,267
 "44007","Providence, RI",1,CAINC45,250,"..."," Value of inventory change: livestock ","Thousands of dollars",-57,2,-181,-17,-14,95,-44,-176,54,-97,-39,265,-183,-223,28,-8,-261,-114,211,-157,-40,-31,114,-66,21,-63,-36,-269,-133,-19,14,4,-112,9,-26,13,-115,-10,25,-173,-35,9,31,97,331,-291,182,-128,76,-45,90,-239,46,209
 "44007","Providence, RI",1,CAINC45,260,"..."," Value of inventory change: crops ","Thousands of dollars",-20,12,-77,-31,46,-40,-42,23,-36,96,-51,9,-6,146,-29,-16,-136,166,-8,171,-98,111,-223,274,-271,20,-192,-23,16,-54,270,-151,-283,67,38,72,-170,-163,170,-23,0,31,30,-41,74,-34,17,-49,16,0,-30,6,24,12
 "44007","Providence, RI",1,CAINC45,265,"..."," Value of inventory change: materials and supplies ","Thousands of dollars",(NA),(NA),(NA),(NA),(NA),(NA),(NA),(NA),(NA),(NA),(NA),(NA),(NA),(NA),(NA),(NA),(NA),(NA),(NA),(NA),(NA),(NA),2,93,28,69,-122,-13,17,18,-47,26,-24,53,-87,40,-114,87,61,15,-1,3,-19,26,-8,37,26,-80,-35,4,-30,23,57,46
 "44007","Providence, RI",1,CAINC45,270,"...","Cash receipts and other income ","Thousands of dollars",6754,6561,5910,5542,6447,7152,7121,7549,7151,7888,8416,9439,10020,11440,10917,12515,13789,13548,12427,12545,12507,12188,12274,13506,13284,13483,12076,13575,11492,11814,11695,12470,13188,14824,15590,17512,18198,16749,21850,24522,21364,23979,23938,26954,25115,25793,28122,19725,19732,21083,18812,19565,18979,30846
 "44007","Providence, RI",1,CAINC45,280,"..."," Less: Production expenses ","Thousands of dollars",4989,4561,4210,3888,5067,5301,5348,5869,6151,6781,6972,7564,7749,7444,7025,7063,7259,7219,7666,8290,8918,9252,9247,9072,9669,10086,10097,10278,9962,10594,10482,11314,11859,13428,13606,14324,14044,15745,19024,20622,18512,18611,18106,17733,19268,21763,20573,21396,18037,17844,16644,18269,17515,21001
 "44007","Providence, RI",1,CAINC45,290,"...","Equals: Realized net income ","Thousands of dollars",1765,2000,1700,1654,1380,1851,1773,1680,1000,1107,1444,1875,2271,3996,3892,5452,6530,6329,4761,4255,3589,2936,3027,4434,3615,3397,1979,3297,1530,1220,1213,1156,1329,1396,1984,3188,4154,1004,2826,3900,2852,5368,5832,9221,5847,4030,7549,-1671,1695,3239,2168,1296,1464,9845
 "44007","Providence, RI",1,CAINC45,300,"..."," Plus: Value of inventory change ","Thousands of dollars",-77,14,-258,-48,32,55,-86,-153,18,-1,-90,274,-189,-77,-1,-24,-397,52,203,14,-138,80,-107,301,-222,26,-350,-305,-100,-55,237,-121,-419,129,-75,125,-399,-86,256,-181,-36,43,42,82,397,-288,225,-257,57,-41,30,-210,127,267
 "44007","Providence, RI",1,CAINC45,310,"...","Equals: Net income including corporate farms ","Thousands of dollars",1688,2014,1442,1606,1412,1906,1687,1527,1018,1106,1354,2149,2082,3919,3891,5428,6133,6381,4964,4269,3451,3016,2920,4735,3393,3423,1629,2992,1430,1165,1450,1035,910,1525,1909,3313,3755,918,3082,3719,2816,5411,5874,9303,6244,3742,7774,-1928,1752,3198,2198,1086,1591,10112
 "44007","Providence, RI",1,CAINC45,320,"..."," Less: Net income of corporate farms ","Thousands of dollars",56,58,47,75,119,82,111,82,67,92,209,177,337,327,-496,737,935,842,625,820,1405,1549,1490,1033,543,738,199,628,287,253,230,211,213,391,531,1047,970,213,931,1090,669,1494,1865,3309,2054,1273,1644,-984,309,1030,543,308,483,3677
 "44007","Providence, RI",1,CAINC45,330,"..."," Plus: Statistical adjustment ","Thousands of dollars",0,0,0,0,0,0,0,0,0,0,0,0,0,0,0,0,0,0,0,0,0,0,0,0,0,0,0,0,0,0,0,0,0,0,0,0,0,0,0,0,0,0,0,0,0,0,0,0,0,0,0,0,0,0
 "44007","Providence, RI",1,CAINC45,340,"...","Equals: Farm proprietors' income ","Thousands of dollars",1632,1956,1395,1531,1293,1824,1576,1445,951,1014,1145,1972,1745,3592,4387,4691,5198,5539,4339,3449,2046,1467,1430,3702,2850,2685,1430,2364,1143,912,1220,824,697,1134,1378,2266,2785,705,2151,2629,2147,3917,4009,5994,4190,2469,6130,-944,1443,2168,1655,778,1108,6435
 "44007","Providence, RI",1,CAINC45,350,"..."," Plus: Farm wages and salaries ","Thousands of dollars",955,812,733,662,604,556,564,567,647,710,1302,1053,978,1047,1099,1135,1005,980,1059,1388,1550,1806,1718,1521,1718,1580,1685,1744,1652,1629,1631,1846,1826,2025,1944,1840,1868,1947,2383,2608,2412,2600,2344,3325,3604,3697,2997,3382,2880,3045,2650,2958,2863,4365
 "44007","Providence, RI",1,CAINC45,360,"..."," Plus: Farm supplements to wages and salaries ","Thousands of dollars",50,46,47,45,53,55,61,78,86,87,145,115,106,80,88,103,93,103,124,159,227,280,285,271,306,303,286,268,242,235,229,259,299,283,283,263,303,376,490,663,574,639,532,674,808,817,773,814,819,730,776,806,870,1248
 "44007","Providence, RI",1,CAINC45,370,"...","Equals: Farm earnings ","Thousands of dollars",2637,2814,2175,2238,1950,2435,2201,2090,1684,1811,2592,3140,2829,4719,5574,5929,6296,6622,5522,4996,3823,3553,3433,5494,4874,4568,3401,4376,3037,2776,3080,2929,2822,3442,3605,4369,4956,3028,5024,5900,5133,7156,6885,9993,8602,6983,9900,3252,5142,5943,5081,4542,4841,12048
 "44009","Washington, RI",1,CAINC45,10,"...","Cash receipts from marketings (thousands of dollars) ","Thousands of dollars",5270,6034,6081,6002,7389,7452,9863,9966,9720,10838,10909,11494,11832,20824,22991,24843,30911,31036,31235,31305,29368,28349,27779,25757,26092,25921,25058,25824,19121,18077,17743,17353,20407,21762,23522,25119,25212,26017,25966,34936,33367,33040,33406,27659,26393,27222,27033,25915,28031,26316,22501,22726,24938,26833
 "44009","Washington, RI",1,CAINC45,20,"..."," Cash receipts: Livestock and products ","Thousands of dollars",2259,2333,2171,2167,2565,2975,2999,3232,3185,3475,3434,3709,3970,3793,3496,4001,4228,4010,4489,4764,4721,5028,4641,4991,4464,3889,2800,3213,2197,2626,2666,2472,3067,3006,3242,3465,3757,3623,3995,4090,3500,3836,4334,4404,6090,6941,7083,6716,8435,6092,5730,5973,5794,7269
 "44009","Washington, RI",1,CAINC45,60,"..."," Cash receipts: Crops ","Thousands of dollars",3011,3701,3910,3835,4824,4477,6864,6734,6535,7363,7475,7785,7862,17031,19495,20842,26683,27026,26746,26541,24647,23321,23138,20766,21628,22032,22258,22611,16924,15451,15077,14881,17340,18756,20280,21654,21455,22394,21971,30846,29867,29204,29072,23255,20303,20281,19950,19199,19596,20224,16771,16753,19144,19564
 "44009","Washington, RI",1,CAINC45,120,"...","Other income ","Thousands of dollars",106,123,113,114,111,192,281,377,374,440,483,410,364,482,752,839,1446,1464,470,556,717,989,1081,1900,1753,1662,1448,1085,1085,768,1043,1355,697,1268,1269,1960,1682,1711,3273,2744,5524,5481,4735,5820,5001,3284,3180,1964,1914,1581,2231,6547,4272,3510
 "44009","Washington, RI",1,CAINC45,130,"..."," Government payments ","Thousands of dollars",28,30,19,23,5,25,34,33,20,24,29,42,53,38,35,60,52,45,54,40,33,114,58,71,95,177,120,78,48,100,224,294,54,237,322,558,695,766,2034,676,3498,2713,1830,1233,583,494,1240,691,1048,833,858,5983,3733,1931
 "44009","Washington, RI",1,CAINC45,140,"..."," Imputed and miscellaneous income received 1/","Thousands of dollars",78,93,94,91,106,167,247,344,354,416,454,368,311,444,717,779,1394,1419,416,516,684,875,1023,1829,1658,1485,1328,1007,1037,668,819,1061,643,1031,947,1402,987,945,1239,2068,2026,2768,2905,4587,4418,2790,1940,1273,866,748,1373,564,539,1579
 "44009","Washington, RI",1,CAINC45,150,"...","Production expenses ","Thousands of dollars",4219,4343,4540,4676,6626,7233,7264,8137,8698,9432,10841,12151,12043,12717,13568,13967,14720,14703,15659,16272,16821,16882,16098,14963,16163,17629,18587,19013,19485,19167,18017,18327,18507,20111,19540,20285,19465,21577,26276,29519,28688,30385,31089,31527,31122,33260,29380,29158,23278,22917,21229,23306,22141,27647
 "44009","Washington, RI",1,CAINC45,160,"..."," Feed purchased ","Thousands of dollars",826,911,832,751,1089,1476,1379,1302,1213,1229,1271,1492,1489,1289,1425,1387,1354,1348,1336,1408,1356,1355,1243,1215,1110,975,771,742,591,602,490,450,452,451,648,712,655,784,894,1268,1219,1518,1756,1796,1823,1745,1569,1258,951,942,898,990,945,919
 "44009","Washington, RI",1,CAINC45,170,"..."," Livestock purchased ","Thousands of dollars",100,79,78,79,97,108,106,124,149,178,152,181,168,192,129,195,198,294,439,368,353,372,356,252,408,271,238,266,155,213,198,200,149,117,149,154,157,169,171,132,113,142,184,263,334,399,198,230,213,192,193,232,259,203
 "44009","Washington, RI",1,CAINC45,180,"..."," Seed purchased ","Thousands of dollars",363,356,346,334,476,823,407,646,502,324,416,520,602,614,544,710,680,720,761,845,811,734,727,520,512,577,665,765,838,851,701,796,794,1021,1112,1059,995,1059,1356,1458,1367,1318,1365,1264,1490,1784,1838,2220,2696,2560,2197,2467,2061,3711
 "44009","Washington, RI",1,CAINC45,190,"..."," Fertilizer and lime (incl. ag. chemicals 1978-fwd.) ","Thousands of dollars",443,471,516,551,582,1022,850,755,861,770,887,944,940,809,913,1195,1142,1234,1080,973,1057,1034,1112,931,938,1052,1220,1151,1281,1331,1318,1436,1575,1458,1365,1432,1475,1649,1804,2219,1972,2032,2273,1854,1893,1978,1651,1595,1397,1624,1446,1675,1827,2388
 "44009","Washington, RI",1,CAINC45,200,"..."," Petroleum products purchased ","Thousands of dollars",135,141,150,154,178,258,328,419,493,545,633,835,842,710,700,735,662,560,569,539,530,629,598,517,554,568,652,734,781,680,615,769,706,628,701,894,1043,1244,1557,1792,1477,1583,1884,2187,2355,2322,1684,1353,1049,1034,1020,938,1053,1548
 "44009","Washington, RI",1,CAINC45,210,"..."," Hired farm labor expenses 2/","Thousands of dollars",908,876,957,1034,1011,1153,1310,1422,1759,1947,2099,2151,2055,2383,2691,3149,3672,3795,4331,4280,4138,4289,3702,3143,3779,4093,4784,5196,5841,5864,5240,5712,5838,7170,6661,6681,5550,6226,7616,7107,7178,6654,5849,7928,8048,8083,6638,7025,5093,4730,3875,4140,3904,6199
 "44009","Washington, RI",1,CAINC45,220,"..."," All other production expenses 3/","Thousands of dollars",1444,1509,1661,1773,3193,2393,2884,3469,3721,4439,5383,6028,5947,6720,7166,6596,7012,6752,7143,7859,8576,8469,8360,8385,8862,10093,10257,10159,9998,9626,9455,8964,8993,9266,8904,9353,9590,10446,12878,15543,15362,17138,17778,16235,15179,16949,15802,15477,11879,11835,11600,12864,12092,12679
 "44009","Washington, RI",1,CAINC45,240,"...","Value of inventory change ","Thousands of dollars",-23,6,-39,-68,-25,1523,-949,-126,96,-148,-241,-80,168,-76,-139,-24,-169,-331,123,-166,-42,45,-29,255,73,151,-275,-193,-274,168,-119,144,-332,115,-78,119,-335,-61,120,-27,-106,126,-16,-36,119,-85,129,-362,108,-55,-183,-135,202,226
 "44009","Washington, RI",1,CAINC45,250,"..."," Value of inventory change: livestock ","Thousands of dollars",-69,1,-58,-6,4,37,-18,-230,15,-175,-241,-37,-68,-75,-155,-12,-234,-46,219,-238,-27,19,38,-53,224,-11,-14,-271,-216,-1,86,1,-157,2,-21,15,-184,-42,47,-10,-102,59,-49,23,118,-56,48,-127,89,-63,-20,-193,26,115
 "44009","Washington, RI",1,CAINC45,260,"..."," Value of inventory change: crops ","Thousands of dollars",46,5,19,-62,-29,1486,-931,104,81,27,0,-43,236,-1,16,-12,65,-285,-96,72,-15,26,-71,185,-188,68,-93,97,-82,143,-142,110,-144,48,47,55,-20,-118,12,-35,-3,63,59,-101,12,-84,43,-123,67,3,-122,26,97,49
 "44009","Washington, RI",1,CAINC45,265,"..."," Value of inventory change: materials and supplies ","Thousands of dollars",(NA),(NA),(NA),(NA),(NA),(NA),(NA),(NA),(NA),(NA),(NA),(NA),(NA),(NA),(NA),(NA),(NA),(NA),(NA),(NA),(NA),(NA),4,123,37,94,-168,-19,24,26,-63,33,-31,65,-104,49,-131,99,61,18,-1,4,-26,42,-11,55,38,-112,-48,5,-41,32,79,62
 "44009","Washington, RI",1,CAINC45,270,"...","Cash receipts and other income ","Thousands of dollars",5376,6157,6194,6116,7500,7644,10144,10343,10094,11278,11392,11904,12196,21306,23743,25682,32357,32500,31705,31861,30085,29338,28860,27657,27845,27583,26506,26909,20206,18845,18786,18708,21104,23030,24791,27079,26894,27728,29239,37680,38891,38521,38141,33479,31394,30506,30213,27879,29945,27897,24732,29273,29210,30343
 "44009","Washington, RI",1,CAINC45,280,"..."," Less: Production expenses ","Thousands of dollars",4219,4343,4540,4676,6626,7233,7264,8137,8698,9432,10841,12151,12043,12717,13568,13967,14720,14703,15659,16272,16821,16882,16098,14963,16163,17629,18587,19013,19485,19167,18017,18327,18507,20111,19540,20285,19465,21577,26276,29519,28688,30385,31089,31527,31122,33260,29380,29158,23278,22917,21229,23306,22141,27647
 "44009","Washington, RI",1,CAINC45,290,"...","Equals: Realized net income ","Thousands of dollars",1157,1814,1654,1440,874,411,2880,2206,1396,1846,551,-247,153,8589,10175,11715,17637,17797,16046,15589,13264,12456,12762,12694,11682,9954,7919,7896,721,-322,769,381,2597,2919,5251,6794,7429,6151,2963,8161,10203,8136,7052,1952,272,-2754,833,-1279,6667,4980,3503,5967,7069,2696
 "44009","Washington, RI",1,CAINC45,300,"..."," Plus: Value of inventory change ","Thousands of dollars",-23,6,-39,-68,-25,1523,-949,-126,96,-148,-241,-80,168,-76,-139,-24,-169,-331,123,-166,-42,45,-29,255,73,151,-275,-193,-274,168,-119,144,-332,115,-78,119,-335,-61,120,-27,-106,126,-16,-36,119,-85,129,-362,108,-55,-183,-135,202,226
 "44009","Washington, RI",1,CAINC45,310,"...","Equals: Net income including corporate farms ","Thousands of dollars",1134,1820,1615,1372,849,1934,1931,2080,1492,1698,310,-327,321,8513,10036,11691,17468,17466,16169,15423,13222,12501,12733,12949,11755,10105,7644,7703,447,-154,650,525,2265,3034,5173,6913,7094,6090,3083,8134,10097,8262,7036,1916,391,-2839,962,-1641,6775,4925,3320,5832,7271,2922
 "44009","Washington, RI",1,CAINC45,320,"..."," Less: Net income of corporate farms ","Thousands of dollars",145,215,223,287,335,397,518,413,340,455,112,-57,64,652,-1334,1853,3442,3262,3134,2739,3883,3985,3641,4697,3242,3929,1928,3316,201,-107,181,176,822,1165,2172,3352,2894,2300,1479,3726,3692,3452,3320,994,185,-1375,288,-1176,1657,2204,1138,2301,3069,1476
 "44009","Washington, RI",1,CAINC45,330,"..."," Plus: Statistical adjustment ","Thousands of dollars",0,0,0,0,0,0,0,0,0,0,0,0,0,0,0,0,0,0,0,0,0,0,0,0,0,0,0,0,0,0,0,0,0,0,0,0,0,0,0,0,0,0,0,0,0,0,0,0,0,0,0,0,0,0
 "44009","Washington, RI",1,CAINC45,340,"...","Equals: Farm proprietors' income ","Thousands of dollars",989,1605,1392,1085,514,1537,1413,1667,1152,1243,198,-270,257,7861,11370,9838,14026,14204,13035,12684,9339,8516,9092,8252,8513,6176,5716,4387,246,-47,469,349,1443,1869,3001,3561,4200,3790,1604,4408,6405,4810,3716,922,206,-1464,674,-465,5118,2721,2182,3531,4202,1446
 "44009","Washington, RI",1,CAINC45,350,"..."," Plus: Farm wages and salaries ","Thousands of dollars",872,885,950,1020,1064,1166,1259,1321,1594,1805,1783,1974,1940,2380,2478,2552,2918,3143,3188,3567,3092,3086,3113,2721,3242,3458,4165,4624,5339,5718,4969,5843,6014,7563,6578,6538,5610,6587,7262,6320,6001,5664,5002,7366,7812,8685,7138,8231,6045,5374,4008,3917,3956,5557
 "44009","Washington, RI",1,CAINC45,360,"..."," Plus: Farm supplements to wages and salaries ","Thousands of dollars",49,52,62,71,97,119,138,181,205,213,204,217,218,184,201,231,277,325,370,400,426,441,483,451,543,609,639,638,677,737,611,722,856,932,847,821,763,1180,1380,1460,1302,1297,1028,1393,1617,1800,1735,1860,1674,1290,1205,1127,1247,1654
 "44009","Washington, RI",1,CAINC45,370,"...","Equals: Farm earnings ","Thousands of dollars",1910,2542,2404,2176,1675,2822,2810,3169,2951,3261,2185,1921,2415,10425,14049,12621,17221,17672,16593,16651,12857,12043,12688,11424,12298,10243,10520,9649,6262,6408,6049,6914,8313,10364,10426,10920,10573,11557,10246,12188,13708,11771,9746,9681,9635,9021,9547,9626,12837,9385,7395,8575,9405,8657
"Note: See the included footnote file."
"CAINC45: Farm income and expenses "
"Last updated: November 16, 2023-- new statistics for 2022; revised statistics for 2002-2021."
"U.S. Bureau of Economic Analysis"
